-- phpMyAdmin SQL Dump
-- version 5.2.0
-- https://www.phpmyadmin.net/
--
-- Host: localhost
-- Generation Time: Apr 14, 2025 at 02:35 AM
-- Server version: 10.4.27-MariaDB
-- PHP Version: 8.0.25

SET SQL_MODE = "NO_AUTO_VALUE_ON_ZERO";
START TRANSACTION;
SET time_zone = "+00:00";


/*!40101 SET @OLD_CHARACTER_SET_CLIENT=@@CHARACTER_SET_CLIENT */;
/*!40101 SET @OLD_CHARACTER_SET_RESULTS=@@CHARACTER_SET_RESULTS */;
/*!40101 SET @OLD_COLLATION_CONNECTION=@@COLLATION_CONNECTION */;
/*!40101 SET NAMES utf8mb4 */;

--
-- Database: `pasukan_putih`
--

-- --------------------------------------------------------

--
-- Table structure for table `pasiens`
--

SET FOREIGN_KEY_CHECKS = 0;

CREATE TABLE `pasiens` (
  `id` char(36) NOT NULL,
  `name` varchar(255) NOT NULL,
  `nik` varchar(255) NOT NULL,
  `alamat` varchar(255) NOT NULL,
  `jenis_kelamin` varchar(255) NOT NULL,
  `village_id` varchar(255) DEFAULT NULL,
  `created_at` timestamp NULL DEFAULT NULL,
  `updated_at` timestamp NULL DEFAULT NULL,
  `jenis_ktp` varchar(255) NOT NULL,
  `tanggal_lahir` date DEFAULT NULL,
  `rt` varchar(255) DEFAULT NULL,
  `rw` varchar(255) DEFAULT NULL,
  `pustu_id` char(36) DEFAULT NULL,
  `user_id` varchar(36) NOT NULL,
  `deleted_at` timestamp NULL DEFAULT NULL
) ENGINE=InnoDB DEFAULT CHARSET=utf8mb4 COLLATE=utf8mb4_unicode_ci;

--
-- Dumping data for table `pasiens`
--

INSERT INTO `pasiens` (`id`, `name`, `nik`, `alamat`, `jenis_kelamin`, `village_id`, `created_at`, `updated_at`, `jenis_ktp`, `tanggal_lahir`, `rt`, `rw`, `pustu_id`, `user_id`, `deleted_at`) VALUES
('9ea98149-b393-4e29-a4d2-6742b364c88c', 'nuris akbar', '1234567890123456', 'sample text', 'Laki-laki', '3217062003', '2025-04-12 18:42:37', '2025-04-12 18:42:37', 'DKI', '2025-04-13', '01', '02', NULL, '81db2573-0c0f-41b3-b034-e3ab3eca9da4', NULL),
('9ea9826a-49fa-4238-8960-79eecab6ea26', 'desi handayani', '0987654321987654', 'sample text', 'Laki-laki', '3204462011', '2025-04-12 18:45:46', '2025-04-12 18:45:46', 'Non DKI', '2025-04-13', '09', '03', NULL, '81db2573-0c0f-41b3-b034-e3ab3eca9da4', NULL);

-- --------------------------------------------------------

--
-- Table structure for table `pustus`
--

CREATE TABLE `pustus` (
  `id` char(36) NOT NULL,
  `nama_pustu` varchar(255) NOT NULL,
  `village_id` bigint(20) UNSIGNED NOT NULL,
  `created_at` timestamp NULL DEFAULT NULL,
  `updated_at` timestamp NULL DEFAULT NULL
) ENGINE=InnoDB DEFAULT CHARSET=utf8mb4 COLLATE=utf8mb4_unicode_ci;

--
-- Dumping data for table `pustus`
--

INSERT INTO `pustus` (`id`, `nama_pustu`, `village_id`, `created_at`, `updated_at`) VALUES
('00c0b9f6-ba6e-419c-b337-cecaceab0208', 'PUSKESMAS PEMBANTU PONDOK RANGGON', 3175101003, '2025-04-12 06:42:40', '2025-04-12 06:42:40'),
('00d310ee-f76d-4a00-aa40-410cab76c0c0', 'PUSKESMAS PEMBANTU CILANDAK BARAT', 3174061001, '2025-04-12 06:41:56', '2025-04-12 06:41:56'),
('036448a4-9b76-442b-9c8a-6e1d1a63f3b2', 'PUSKESMAS PEMBANTU KAYU MANIS', 1702082005, '2025-04-12 06:42:51', '2025-04-12 06:42:51'),
('045bfc02-9ccd-465a-9417-b45b96146734', 'PUSKESMAS PEMBANTU PLUIT', 3172011005, '2025-04-12 06:41:33', '2025-04-12 06:41:33'),
('06715f11-a59f-4ae5-80f2-005c08e08b81', 'PUSKESMAS PEMBANTU SETIABUDI', 1706032013, '2025-04-12 06:42:14', '2025-04-12 06:42:14'),
('06917155-8329-45c7-95bb-f7e2487c5526', 'PUSKESMAS PEMBANTU KEDAUNG KALI ANGKE', 3173011004, '2025-04-12 06:41:38', '2025-04-12 06:41:38'),
('07e875a0-7ad8-4b83-a692-577b4b1c3552', 'PUSKESMAS PEMBANTU PULAU UNTUNG JAWA', 0, '2025-04-12 06:43:17', '2025-04-12 06:43:17'),
('08eedc67-d7a6-4b7c-be11-a18005580012', 'PUSKESMAS PEMBANTU CIPINANG CEMPEDAK', 3175031005, '2025-04-12 06:42:46', '2025-04-12 06:42:46'),
('0bad766c-c598-44e1-a139-2827a19658ae', 'PUSKESMAS PEMBANTU SEMPER TIMUR', 3172041005, '2025-04-12 06:41:27', '2025-04-12 06:41:27'),
('0c4b48af-6a2d-4807-84b3-84c7731b75f9', 'PUSKESMAS PEMBANTU SUNTER AGUNG I', 3172021006, '2025-04-12 06:41:34', '2025-04-12 06:41:34'),
('0c970e2b-0007-4ec1-bf28-cd603841e01d', 'PUSKESMAS PEMBANTU CIPULIR  II', 3174051003, '2025-04-12 06:42:03', '2025-04-12 06:42:03'),
('0ca06449-996c-44ba-bc6c-d179fb9e6512', 'PUSKESMAS PEMBANTU CAKUNG BARAT', 3175061007, '2025-04-12 06:42:36', '2025-04-12 06:42:36'),
('0dc1a107-e27d-48e3-9635-13b4558cdc84', 'PUSKESMAS PEMBANTU KLENDER  I', 3175071003, '2025-04-12 06:42:42', '2025-04-12 06:42:42'),
('0e587fb5-3299-4e44-9003-7832c539f934', 'PUSKESMAS PEMBANTU TANJUNG DUREN SELATAN', 3173021005, '2025-04-12 06:41:40', '2025-04-12 06:41:40'),
('110221e2-8883-4a36-b85a-7c228c96540d', 'PUSKESMAS PEMBANTU CEMPAKA BARU', 3171031006, '2025-04-12 06:40:56', '2025-04-12 06:40:56'),
('11425f7f-b6d1-441e-8cc3-76a8ac314444', 'PUSKESMAS PEMBANTU CIPINANG', 3175021003, '2025-04-12 06:42:54', '2025-04-12 06:42:54'),
('14945136-58e4-49b3-aeef-909c0c24cd21', 'PUSKESMAS PEMBANTU PONDOK LABU', 3174061003, '2025-04-12 06:41:57', '2025-04-12 06:41:57'),
('15e13084-3757-4dd0-8805-c345085803b4', 'PUSKESMAS PEMBANTU CIRACAS', 3175091001, '2025-04-12 06:42:41', '2025-04-12 06:42:41'),
('169746aa-f601-4ea3-894f-0a513cdff182', 'PUSKESMAS PEMBANTU TAMBORA', 3173041001, '2025-04-12 06:41:55', '2025-04-12 06:41:55'),
('170a26ff-e1fe-4cfb-afa0-1308e36ea2c6', 'PUSKESMAS PEMBANTU CIJANTUNG', 3175051003, '2025-04-12 06:42:53', '2025-04-12 06:42:53'),
('1772ffbf-1998-4f1b-9a7a-a66903499343', 'PUSKESMAS PEMBANTU GROGOL SELATAN', 3174051005, '2025-04-12 06:42:03', '2025-04-12 06:42:03'),
('1875bf44-9b45-4dba-9f38-bc93b5fd610a', 'PUSKESMAS PEMBANTU MARUNDA', 3172041003, '2025-04-12 06:41:25', '2025-04-12 06:41:25'),
('18b0f906-9e50-428f-9ec1-328c67f03097', 'PUSKESMAS PEMBANTU PESANGGRAHAN', 3174101001, '2025-04-12 06:42:11', '2025-04-12 06:42:11'),
('18f19581-e674-45f1-a5d9-7116667dc56e', 'PUSKESMAS PEMBANTU SEMPER BARAT I', 3172041007, '2025-04-12 06:41:26', '2025-04-12 06:41:26'),
('1d9fb56c-c332-47bd-9e13-6ae3c390bfd9', 'PUSKESMAS PEMBANTU MAKASAR', 3175081001, '2025-04-12 06:42:50', '2025-04-12 06:42:50'),
('1e357f58-cf67-4657-aa53-09e69794627d', 'PUSKESMAS PEMBANTU CIPINANG MUARA', 3175031006, '2025-04-12 06:42:46', '2025-04-12 06:42:46'),
('1eab23d5-e80a-44f3-a08e-da88333268e8', 'PUSKESMAS PEMBANTU RAWA BARAT', 3174071005, '2025-04-12 06:42:02', '2025-04-12 06:42:02'),
('1eeb36bc-dff3-4896-96f7-848b772493af', 'PUSKESMAS PEMBANTU PEGANGSAAN DUA A', 3172061002, '2025-04-12 06:41:28', '2025-04-12 06:41:28'),
('1efea5a3-bc9d-4762-9cf3-8462376711e9', 'PUSKESMAS PEMBANTU MUNJUL', 3175101004, '2025-04-12 06:42:40', '2025-04-12 06:42:40'),
('1fe82e99-368d-4a5d-b7cd-2bc1efcaff71', 'PUSKESMAS PEMBANTU PASAR BARU', 1201031021, '2025-04-12 06:41:00', '2025-04-12 06:41:00'),
('205c8665-1c9a-41ae-bd26-c6bb717ce732', 'PUSKESMAS PEMBANTU MALAKA SARI', 3175071005, '2025-04-12 06:42:43', '2025-04-12 06:42:43'),
('225893f0-5c24-4e9f-b09d-a01ef821ee50', 'PUSKESMAS PEMBANTU BANGKA', 3174031002, '2025-04-12 06:42:05', '2025-04-12 06:42:05'),
('23cf9ddb-ac5d-472a-a5e4-b07e41b07f58', 'PUSKESMAS PEMBANTU SELONG', 3174071004, '2025-04-12 06:42:02', '2025-04-12 06:42:02'),
('2805448f-308a-4351-8beb-7d52785c0837', 'PUSKESMAS PEMBANTU JELAMBAR II', 3173021004, '2025-04-12 06:41:39', '2025-04-12 06:41:39'),
('28472d95-5faf-45c9-988a-ca33a731c32a', 'PUSKESMAS PEMBANTU MANGGARAI', 1804192010, '2025-04-12 06:42:15', '2025-04-12 06:42:15'),
('293187b7-d510-4a47-864e-b22ec5104f74', 'PUSKESMAS PEMBANTU SERDANG', 1108242012, '2025-04-12 06:40:57', '2025-04-12 06:40:57'),
('2a7daaee-c412-419f-bfd7-834ee20164d6', 'PUSKESMAS PEMBANTU LUBANG BUAYA', 3175101007, '2025-04-12 06:42:39', '2025-04-12 06:42:39'),
('2b9e7b0b-2932-4bea-b005-ef952fcb6b7f', 'PUSKESMAS PEMBANTU PETOGOGAN', 3174071008, '2025-04-12 06:42:01', '2025-04-12 06:42:01'),
('2bc0d1c1-2faa-4f50-895b-0d696f2a15a1', 'PUSKESMAS PEMBANTU BALIMESTER', 3175031003, '2025-04-12 06:42:44', '2025-04-12 06:42:44'),
('2cc1979a-e653-4c22-a02c-4ffaac7ceb29', 'PUSKESMAS PEMBANTU JATI PADANG', 3174041002, '2025-04-12 06:42:09', '2025-04-12 06:42:09'),
('2d747d5f-46e3-4d39-8493-7182e780f062', 'PUSKESMAS PEMBANTU JATINEGARA', 3175061001, '2025-04-12 06:42:37', '2025-04-12 06:42:37'),
('2df12e0e-f1c3-4604-95c4-04480a5f052e', 'PUSKESMAS PEMBANTU KAMAL MUARA', 3172011002, '2025-04-12 06:41:31', '2025-04-12 06:41:31'),
('2f012f6d-7d93-4318-afee-1b6ff67442a2', 'PUSKESMAS PEMBANTU CIPINANG BESAR UTARA', 3175031008, '2025-04-12 06:42:46', '2025-04-12 06:42:46'),
('3157b9f5-0dca-4bac-a733-7528985b9bb4', 'PUSKESMAS PEMBANTU MANGGARAI SELATAN', 3174011006, '2025-04-12 06:42:15', '2025-04-12 06:42:15'),
('31948b3d-7f9c-45d2-b0c8-a32a739d6cde', 'PUSKESMAS PEMBANTU KLENDER  III', 3175071003, '2025-04-12 06:42:42', '2025-04-12 06:42:42'),
('31df9b66-7a9c-4f1d-86ff-3d0c136a9dac', '-', 0, '2025-04-12 06:41:04', '2025-04-12 06:41:04'),
('3243d2f0-183d-4b68-add8-a0dbd2484bf0', 'PUSKESMAS PEMBANTU KRAMAT JATI', 0, '2025-04-12 06:42:49', '2025-04-12 06:42:49'),
('32770527-fd12-4564-8de2-b6417a2e75c2', 'PUSKESMAS PEMBANTU PEKOJAN II', 3173041009, '2025-04-12 06:41:55', '2025-04-12 06:41:55'),
('3392482f-dcc1-4590-94a5-06d147d9b304', 'PUSKESMAS PEMBANTU KEBON MELATI', 3171071006, '2025-04-12 06:41:03', '2025-04-12 06:41:03'),
('34fd66c3-5b6b-4661-983f-a6f7251e4bee', 'PUSKESMAS PEMBANTU PENGADEGAN', 3174081005, '2025-04-12 06:42:08', '2025-04-12 06:42:08'),
('35371c61-348b-4a90-a1be-aeea4cb35d2c', 'PUSKESMAS PEMBANTU MERUYA SELATAN II', 3173081003, '2025-04-12 06:41:47', '2025-04-12 06:41:47'),
('35c50d1a-ec3b-49a7-a753-607ce245d46e', 'PUSKESMAS PEMBANTU CIGANJUR', 3174091003, '2025-04-12 06:41:57', '2025-04-12 06:41:57'),
('36918648-635d-43e3-9810-8de9a237439b', 'PUSKESMAS PEMBANTU TEGAL ALUR  III', 3173061003, '2025-04-12 06:41:44', '2025-04-12 06:41:44'),
('36ce7f29-da76-4432-9a84-8c5736cd0105', 'PUSKESMAS PEMBANTU PETUKANGAN UTARA', 3174101003, '2025-04-12 06:42:11', '2025-04-12 06:42:11'),
('36f9fd74-bbeb-4a94-8e5e-2e9bae47af21', 'PUSKESMAS PEMBANTU KOTA BAMBU SELATAN', 3173071006, '2025-04-12 06:41:49', '2025-04-12 06:41:49'),
('3815f7e5-6055-4a97-bc4b-e09090037d8d', 'PUSKESMAS PEMBANTU KELAPA GADING TIMUR I', 3172061001, '2025-04-12 06:41:27', '2025-04-12 06:41:27'),
('3a382a09-efcb-44fa-be0f-ee0dbfc80380', 'PUSKESMAS PEMBANTU JELAMBAR BARU', 3173021006, '2025-04-12 06:41:40', '2025-04-12 06:41:40'),
('3c8aa0e8-340a-4dfb-9774-155e0d5f0f39', 'PUSKESMAS PEMBANTU CILANGKAP', 3175101002, '2025-04-12 06:42:39', '2025-04-12 06:42:39'),
('3d9cc7f8-abe1-4fd6-82c4-b891169090c4', 'PUSKESMAS PEMBANTU RAWA BUAYA', 3173011003, '2025-04-12 06:41:38', '2025-04-12 06:41:38'),
('3dcfc701-6526-41e7-9e42-31fccf3c33c0', 'PUSKESMAS PEMBANTU MAPHAR', 3173031003, '2025-04-12 06:41:52', '2025-04-12 06:41:52'),
('3de40706-1733-47b3-812c-6d927817e73b', 'PUSKESMAS PEMBANTU KEBON BARU', 3174011004, '2025-04-12 06:42:14', '2025-04-12 06:42:14'),
('3e534d7f-b575-4b1c-bbd5-7a62a77f7e8d', 'PUSKESMAS PEMBANTU SEMPER BARAT III', 3172041007, '2025-04-12 06:41:26', '2025-04-12 06:41:26'),
('3e9069e6-11cc-4153-9ee7-c7a9126db6ba', 'PUSKESMAS PEMBANTU CENGKARENG BARAT I', 3173011001, '2025-04-12 06:41:36', '2025-04-12 06:41:36'),
('3f1b4529-55a5-4ce7-9beb-9398fa52da85', 'PUSKESMAS PEMBANTU KARET KUNINGAN', 3174021003, '2025-04-12 06:42:13', '2025-04-12 06:42:13'),
('4165c184-4f7a-4591-8d20-b95409d35ca0', 'PUSKESMAS PEMBANTU KUNINGAN TIMUR', 3174021002, '2025-04-12 06:42:13', '2025-04-12 06:42:13'),
('4214ba94-bce5-4898-84d3-9644b80250f5', 'PUSKESMAS PEMBANTU PONDOK BAMBU II', 3175071002, '2025-04-12 06:42:43', '2025-04-12 06:42:43'),
('4439978a-96f5-42da-b616-3ddacb518c05', 'PUSKESMAS PEMBANTU RAGUNAN', 3174041004, '2025-04-12 06:42:10', '2025-04-12 06:42:10'),
('45184baf-ce35-4366-bc80-bdf2a8332fcc', 'PUSKESMAS PEMBANTU TANJUNG PRIOK', 3172021001, '2025-04-12 06:41:35', '2025-04-12 06:41:35'),
('4525b9ce-7d97-47d3-a260-aa420bd79d1e', 'PUSKESMAS PEMBANTU BIDARA CINA I', 3175031002, '2025-04-12 06:42:45', '2025-04-12 06:42:45'),
('465de5e4-d612-4e21-9055-fb143ecee4f5', 'PUSKESMAS PEMBANTU PEJATEN BARAT III', 3174041006, '2025-04-12 06:42:10', '2025-04-12 06:42:10'),
('46adf1f6-dc49-4fb1-956b-444a5a8f21ff', 'PUSKESMAS PEMBANTU PETUKANGAN SELATAN', 3174101004, '2025-04-12 06:42:11', '2025-04-12 06:42:11'),
('48156970-5f37-4e1f-9981-21cf02468f05', 'PUSKESMAS PEMBANTU SETU', 3175101005, '2025-04-12 06:42:40', '2025-04-12 06:42:40'),
('484b37de-1965-4ead-b82c-21671adbf8ef', 'PUSKESMAS PEMBANTU PENGGILINGAN II', 3175061003, '2025-04-12 06:42:37', '2025-04-12 06:42:37'),
('48836bbf-842f-48f6-8ade-0f547167f28f', 'PUSKESMAS PEMBANTU PULAU HARAPAN', 0, '2025-04-12 06:43:17', '2025-04-12 06:43:17'),
('4b17ed03-8319-473a-9060-68ec3e1359d7', 'PUSKESMAS PEMBANTU TEBET BARAT', 3174011002, '2025-04-12 06:42:16', '2025-04-12 06:42:16'),
('4b3166b0-14a4-4b13-81d5-e73387d30286', 'PUSKESMAS PEMBANTU KEBON KOSONG  II', 3171031001, '2025-04-12 06:40:57', '2025-04-12 06:40:57'),
('4be4531b-c39d-400f-9a5e-80ad01b53908', 'PUSKESMAS PEMBANTU TUGU SELATAN', 3172031005, '2025-04-12 06:41:30', '2025-04-12 06:41:30'),
('4c3b3b4a-00d5-4e1a-87fb-16a5d047a59b', 'PUSKESMAS PEMBANTU UTAN KAYU SELATAN II', 3175011006, '2025-04-12 06:42:52', '2025-04-12 06:42:52'),
('4c600b4a-b8df-48be-a837-c0f0e7ccdbc4', 'PUSKESMAS PEMBANTU KEBAYORAN LAMA UTARA', 3174051001, '2025-04-12 06:42:04', '2025-04-12 06:42:04'),
('4f8d80e1-3b72-40b0-bbea-2a47cb6ea85c', 'PUSKESMAS PEMBANTU RAMBUTAN', 1607062009, '2025-04-12 06:42:41', '2025-04-12 06:42:41'),
('5065ec66-af7d-43c4-bacf-d43afeb313ff', 'PUSKESMAS PEMBANTU KUNINGAN BARAT', 3174031005, '2025-04-12 06:42:05', '2025-04-12 06:42:05'),
('50a594b1-1368-45d7-a850-c4242278cee7', 'PUSKESMAS PEMBANTU PULAU PARI', 0, '2025-04-12 06:43:16', '2025-04-12 06:43:16'),
('53108272-9473-469f-ba73-67b7c7a9156f', 'PUSKESMAS PEMBANTU KAPUK  I', 1502072010, '2025-04-12 06:41:37', '2025-04-12 06:41:37'),
('531468f6-62cd-4da3-b9aa-21d442cd3247', 'PUSKESMAS PEMBANTU BALEKAMBANG', 3604322013, '2025-04-12 06:42:47', '2025-04-12 06:42:47'),
('539a65ce-5cfe-4eaa-a81b-b139021ed3ad', 'PUSKESMAS PEMBANTU PULO GEBANG', 3175061005, '2025-04-12 06:42:37', '2025-04-12 06:42:37'),
('548b446b-6fa3-4574-8298-243591713455', 'PUSKESMAS PEMBANTU SERENGSENG SAWAH', 3174091002, '2025-04-12 06:41:59', '2025-04-12 06:41:59'),
('54cc57ba-5c00-494c-b96f-58960006af01', 'PUSKESMAS PEMBANTU KALIBATA  II', 3174081002, '2025-04-12 06:42:07', '2025-04-12 06:42:07'),
('54d8eaf2-5566-4b17-a71d-c5165a5e5dcb', 'PUSKESMAS PEMBANTU CIPAYUNG', 3175101001, '2025-04-12 06:42:39', '2025-04-12 06:42:39'),
('54f602dd-4e05-4ba4-931d-3fa175751829', 'Puskesmas Pembantu Marunda II', 3172041003, '2025-04-12 06:41:25', '2025-04-12 06:41:25'),
('5519abe6-787c-4410-bcb7-ac5bd88423ca', 'PUSKESMAS PEMBANTU KELAPA DUA', 1607212012, '2025-04-12 06:41:45', '2025-04-12 06:41:45'),
('55c01aac-e5a4-4248-89c7-27606013935a', 'PUSKESMAS PEMBANTU BINTARO', 3174101002, '2025-04-12 06:42:11', '2025-04-12 06:42:11'),
('55c87a10-6672-4ad3-9fbd-b837643a1f60', 'PUSKESMAS PEMBANTU KEBAYORAN LAMA SELATAN', 3174051006, '2025-04-12 06:42:04', '2025-04-12 06:42:04'),
('56732718-3483-4e32-bf6b-879df9dacb4f', 'PUSKESMAS PEMBANTU PONDOK KOPI  II', 1706032009, '2025-04-12 06:42:44', '2025-04-12 06:42:44'),
('58afae7b-cb89-4a7d-8690-211b3edb0a1f', 'PUSKESMAS PEMBANTU CAWANG', 1705072006, '2025-04-12 06:42:48', '2025-04-12 06:42:48'),
('5b4e9ae9-c1b5-4912-ae26-c0e4786d7432', 'PUSKESMAS PEMBANTU CILANDAK TIMUR', 3174041003, '2025-04-12 06:42:08', '2025-04-12 06:42:08'),
('5b93835e-2668-47c9-b52e-51048379d4a3', 'PUSKESMAS PEMBANTU CILILITAN', 3175041006, '2025-04-12 06:42:48', '2025-04-12 06:42:48'),
('5c2b27ea-fe5b-4ccc-b8a0-5c4e14a8d46f', 'PUSKESMAS PEMBANTU GANDARIA UTARA I', 3174071009, '2025-04-12 06:42:00', '2025-04-12 06:42:00'),
('5c8539b3-989a-4f3f-b039-800951ecaa49', 'PUSKESMAS PEMBANTU TUGU UTARA III', 3172031002, '2025-04-12 06:41:30', '2025-04-12 06:41:30'),
('5d661c6a-04ed-4a2e-8679-de03856a23c7', 'PUSKESMAS PEMBANTU KEBON BAWANG I', 3172021005, '2025-04-12 06:41:33', '2025-04-12 06:41:33'),
('5e186134-ad61-4f1d-a9d6-049a89e6d6be', 'PUSKESMAS PEMBANTU CIPINANG MELAYU', 3175081005, '2025-04-12 06:42:49', '2025-04-12 06:42:49'),
('5ed3e8ed-3f63-412a-9b9d-58a04fe9ca41', 'PUSKESMAS PEMBANTU PINANG RANTI', 0, '2025-04-12 06:42:50', '2025-04-12 06:42:50'),
('5fe563e1-2b1d-4faf-aa56-26c83801aa42', 'PUSKESMAS PEMBANTU GROGOL  II', 3173021001, '2025-04-12 06:41:39', '2025-04-12 06:41:39'),
('6067aabe-46ef-497e-a61a-60d2766b9e33', 'PUSKESMAS PEMBANTU SUNTER JAYA II', 3172021002, '2025-04-12 06:41:35', '2025-04-12 06:41:35'),
('614c09f1-620b-4ae9-944c-6d70b1e06188', 'PUSKESMAS PEMBANTU TANAH TINGGI', 1219032005, '2025-04-12 06:40:55', '2025-04-12 06:40:55'),
('62f4a3ba-3ad3-455b-b8d6-61f257d892ad', 'PUSKESMAS PEMBANTU HALIM PERDANA KUSUMA II', 0, '2025-04-12 06:42:50', '2025-04-12 06:42:50'),
('64a1b727-607d-4311-969e-b95275d96205', 'PUSKESMAS PEMBANTU SEMANAN  II', 3173061002, '2025-04-12 06:41:43', '2025-04-12 06:41:43'),
('65c31ba4-8d12-497f-b66d-01597e806f4a', 'PUSKESMAS PEMBANTU DUREN TIGA', 3174081004, '2025-04-12 06:42:06', '2025-04-12 06:42:06'),
('662b78c6-28b2-49e1-a2dd-f8d83fcaf08f', 'PUSKESMAS PEMBANTU JELAMBAR I', 3173021004, '2025-04-12 06:41:39', '2025-04-12 06:41:39'),
('67b6d191-ea2e-4db3-be6c-7bda4c5326b1', 'PUSKESMAS PEMBANTU RAWA BADAK UTARA II', 3172031004, '2025-04-12 06:41:29', '2025-04-12 06:41:29'),
('682ce442-2f77-42e7-b256-1298f53b209b', 'PUSKESMAS PEMBANTU RAWAJATI II', 0, '2025-04-12 06:42:08', '2025-04-12 06:42:08'),
('6922af3e-f24c-4f9f-bed9-6f86596ba588', 'PUSKESMAS PEMBANTU JATINEGARA KAUM', 3175021004, '2025-04-12 06:42:54', '2025-04-12 06:42:54'),
('69f2315b-0d09-429d-beef-e1850aedceb9', 'PUSKESMAS PEMBANTU CIPETE UTARA', 3174071010, '2025-04-12 06:42:00', '2025-04-12 06:42:00'),
('6b3c8df5-8127-4f22-80eb-8b6f24eebad8', 'PUSKESMAS PEMBANTU PAPANGGO II', 3172021003, '2025-04-12 06:41:33', '2025-04-12 06:41:33'),
('6b60ff6c-17db-496b-b932-ad6a9c50bb20', 'PUSKESMAS PEMBANTU MALAKA JAYA', 3175071006, '2025-04-12 06:42:43', '2025-04-12 06:42:43'),
('6bd5e963-4c7b-4327-955f-c5c0f0bbeffd', 'PUSKESMAS PEMBANTU KENARI', 3171041002, '2025-04-12 06:41:01', '2025-04-12 06:41:01'),
('6d983919-ed8a-4e2a-b133-75e6687c978d', 'Puskesmas Pembantu Karang Anyar', 1115052030, '2025-04-12 06:41:00', '2025-04-12 06:41:00'),
('6de9ec10-aa0a-4b46-aca6-3c224d9349e8', 'PUSKESMAS PEMBANTU LENTENG AGUNG  II', 3174091004, '2025-04-12 06:41:59', '2025-04-12 06:41:59'),
('6f1181b0-fab9-41da-8af9-d5339e4cfc8c', 'PUSKESMAS PEMBANTU PULAU LANCANG ', 0, '2025-04-12 06:43:16', '2025-04-12 06:43:16'),
('6fbeb5ed-ecac-47ab-96cd-eac1668f3261', 'PUSKESMAS PEMBANTU ANCOL', 3172051003, '2025-04-12 06:41:30', '2025-04-12 06:41:30'),
('7032f30b-4394-4881-bb79-5dc9ac1be368', 'Puskesmas Pembantu Jembatan Lima', 3173041008, '2025-04-12 06:41:54', '2025-04-12 06:41:54'),
('71ea979c-b676-41cf-9c05-9996d835516c', 'PUSKESMAS PEMBANTU SEMANAN  I', 3173061002, '2025-04-12 06:41:43', '2025-04-12 06:41:43'),
('71f63bdc-5bb0-430e-962e-c474c6f6b01a', 'PUSKESMAS PEMBANTU PEGADUNGAN IV', 3173061005, '2025-04-12 06:41:43', '2025-04-12 06:41:43'),
('727ca118-30ab-4183-8d42-01713fb21b60', 'PUSKESMAS PEMBANTU GROGOL  III', 3173021001, '2025-04-12 06:41:39', '2025-04-12 06:41:39'),
('73ac6c8c-469f-40cb-865b-d3cb5633f562', 'PUSKESMAS PEMBANTU BAMBU APUS  I', 3175101006, '2025-04-12 06:42:38', '2025-04-12 06:42:38'),
('7477223e-bcba-460d-a608-3a37523b4185', 'PUSKESMAS PEMBANTU KEBON MANGGIS', 3175011005, '2025-04-12 06:42:51', '2025-04-12 06:42:51'),
('74eedc97-1208-4c09-a546-ef46f6d6b1ce', 'PUSKESMAS PEMBANTU TANAH SEREAL', 3173041004, '2025-04-12 06:41:56', '2025-04-12 06:41:56'),
('75590f88-51d6-458e-be69-e5bc65edf4f4', 'PUSKESMAS PEMBANTU GUNUNG SAHARI UTARA', 3171021004, '2025-04-12 06:40:59', '2025-04-12 06:40:59'),
('7729ad11-ff41-4365-90a4-3fff15168ca2', 'PUSKESMAS PEMBANTU UTAN KAYU SELATAN I', 3175011001, '2025-04-12 06:42:51', '2025-04-12 06:42:51'),
('772f13aa-f16c-4b50-b80e-23ccdb7e801d', 'PUSKESMAS PEMBANTU UJUNG MENTENG', 3175061006, '2025-04-12 06:42:38', '2025-04-12 06:42:38'),
('791b5eae-66f5-43b9-8d79-39191ba8d384', 'PUSKESMAS PEMBANTU RAWAJATI I', 0, '2025-04-12 06:42:08', '2025-04-12 06:42:08'),
('79220e60-6688-4d96-9414-cb2722c7abfd', 'PUSKESMAS PEMBANTU GALUR', 3171081003, '2025-04-12 06:40:54', '2025-04-12 06:40:54'),
('7a55d4e7-c3be-48e0-ae74-b407a0827157', 'PUSKESMAS PEMBANTU WARAKAS', 3172021007, '2025-04-12 06:41:36', '2025-04-12 06:41:36'),
('7a703274-5e65-44e7-812c-34eacf4229d6', 'PUSKESMAS PEMBANTU KEDOYA UTARA', 3173051006, '2025-04-12 06:41:45', '2025-04-12 06:41:45'),
('7b4b516c-38c3-4354-b8b9-d222ab8a8b3e', 'PUSKESMAS PEMBANTU KARET', 3174021004, '2025-04-12 06:42:12', '2025-04-12 06:42:12'),
('7b66f22c-fd5c-4067-b552-d5b39ed2ff2c', 'PUSKESMAS PEMBANTU KOTA BAMBU UTARA', 3173071003, '2025-04-12 06:41:49', '2025-04-12 06:41:49'),
('7b92bdb5-ff60-404e-8343-02a03ebb39b9', 'PUSKESMAS PEMBANTU PEJATEN TIMUR', 3174041005, '2025-04-12 06:42:10', '2025-04-12 06:42:10'),
('7bdd058b-2dbb-4d7c-83cd-95b39bc5e5c7', 'PUSKESMAS PEMBANTU PISANGAN TIMUR II', 3175021002, '2025-04-12 06:42:55', '2025-04-12 06:42:55'),
('7ca9c9e2-ff53-4ebd-816e-a3cf5378b8b8', 'PUSKESMAS PEMBANTU BUKIT DURI', 3174011005, '2025-04-12 06:42:14', '2025-04-12 06:42:14'),
('7ceb4781-bf7f-4971-875f-2a3cc2a076eb', 'PUSKESMAS PEMBANTU SLIPI I', 3173071002, '2025-04-12 06:41:50', '2025-04-12 06:41:50'),
('805c2bf9-9557-4e3b-b5ae-79072087714c', 'PUSKESMAS PEMBANTU DURI UTARA', 3173041003, '2025-04-12 06:41:53', '2025-04-12 06:41:53'),
('824547d2-10a5-4421-bac5-4c6cd27679d8', 'PUSKESMAS PEMBANTU CEMPAKA PUTIH BARAT II', 3171051002, '2025-04-12 06:40:52', '2025-04-12 06:40:52'),
('8271e1a7-9939-414e-9e7f-ded5b1b43e0e', 'PUSKESMAS PEMBANTU BARU', 1101062022, '2025-04-12 06:42:53', '2025-04-12 06:42:53'),
('828ccf22-d6f7-45a9-a940-539c74f4f0d7', 'PUSKESMAS PEMBANTU RAWA BADAK UTARA I', 3172031004, '2025-04-12 06:41:29', '2025-04-12 06:41:29'),
('82bf1dfa-c7d2-45b4-bb2c-1ca0ab20dfb2', 'PUSKESMAS PEMBANTU UTAN PANJANG', 3171031008, '2025-04-12 06:40:58', '2025-04-12 06:40:58'),
('82e47d92-5948-449a-af2f-c3c9809630db', 'PUSKESMAS PEMBANTU JEMBATAN BESI', 3173041006, '2025-04-12 06:41:54', '2025-04-12 06:41:54'),
('8405d0e4-a4b3-48b6-bd77-0293e2951cc1', 'PUSKESMAS PEMBANTU PETOJO UTARA', 3171011003, '2025-04-12 06:40:54', '2025-04-12 06:40:54'),
('8405edbd-f438-4624-a6f7-689f51ab59f3', 'PUSKESMAS PEMBANTU KAMPUNG RAWA', 3171081002, '2025-04-12 06:40:55', '2025-04-12 06:40:55'),
('8476ace6-a9c1-4a44-af37-774dbdf6761c', 'PUSKESMAS PEMBANTU KRUKUT II', 3173031002, '2025-04-12 06:41:51', '2025-04-12 06:41:51'),
('848ca36b-4cda-450f-ad92-c02dd101598d', 'PUSKESMAS PEMBANTU BATU AMPAR', 1404142002, '2025-04-12 06:42:48', '2025-04-12 06:42:48'),
('8600ea01-f0a2-46bc-a9c6-c246d6a0b870', 'PUSKESMAS PEMBANTU KEMBANGAN SELATAN', 3173081006, '2025-04-12 06:41:47', '2025-04-12 06:41:47'),
('86289ad7-b045-4613-90e0-ad1583c9c34e', 'PUSKESMAS PEMBANTU PALMERAH I', 3173071001, '2025-04-12 06:41:50', '2025-04-12 06:41:50'),
('8713cb7f-1ed1-4339-a69d-f7f80dbc26b7', 'PUSKESMAS PEMBANTU KRAMAT PELA', 3174071003, '2025-04-12 06:42:01', '2025-04-12 06:42:01'),
('8724baf9-59f9-4293-ae4e-08a2500d1a62', 'PUSKESMAS PEMBANTU TEBET TIMUR', 3174011001, '2025-04-12 06:42:16', '2025-04-12 06:42:16'),
('87b1b20e-11d5-4776-97ca-439874d6f5ec', 'PUSKESMAS PEMBANTU GANDARIA UTARA II', 3174071009, '2025-04-12 06:42:00', '2025-04-12 06:42:00'),
('88c434d9-41e0-4eff-b1ab-c452791e6a2c', 'PUSKESMAS PEMBANTU CIPETE SELATAN', 3174061005, '2025-04-12 06:41:56', '2025-04-12 06:41:56'),
('8a2c9624-e507-4653-baf9-559492b02723', 'PUSKESMAS PEMBANTU GUNUNG', 1206082001, '2025-04-12 06:42:01', '2025-04-12 06:42:01'),
('8a560b5f-6728-4060-8001-f2dee02934a7', 'PUSKESMAS PEMBANTU JOGLO I', 3173081005, '2025-04-12 06:41:46', '2025-04-12 06:41:46'),
('8b297c69-4ab2-4698-b06a-337feaa30fd2', 'PUSKESMAS PEMBANTU PALMERAH II', 3173071001, '2025-04-12 06:41:50', '2025-04-12 06:41:50'),
('8c2e1310-8f62-4572-ad0a-c713f2e2ba8e', 'PUSKESMAS PEMBANTU GROGOL UTARA II', 3174051004, '2025-04-12 06:42:04', '2025-04-12 06:42:04'),
('8eb0b958-6577-4896-81ea-1e89f1d58f4c', 'PUSKESMAS PEMBANTU PEGADUNGAN I', 3173061005, '2025-04-12 06:41:42', '2025-04-12 06:41:42'),
('8f50e5ce-53ae-4f60-be87-96f399f3e7d6', 'PUSKESMAS PEMBANTU KEBAGUSAN', 1809012009, '2025-04-12 06:42:09', '2025-04-12 06:42:09'),
('8f78ec0c-6475-4fcd-91c1-d7ea2f4337bd', 'PUSKESMAS PEMBANTU SUNTER JAYA I', 3172021002, '2025-04-12 06:41:35', '2025-04-12 06:41:35'),
('8f7d7e45-2e7d-457b-b19c-1cff526192b6', 'PUSKESMAS PEMBANTU PASAR MINGGU', 1501192016, '2025-04-12 06:42:09', '2025-04-12 06:42:09'),
('901e7d5a-3c7b-4a6c-b8c6-739da5d0854b', 'PUSKESMAS PEMBANTU KEBON KOSONG  I', 3171031002, '2025-04-12 06:40:57', '2025-04-12 06:40:57'),
('90ab868b-eabe-4109-b3b9-a173dfe377d1', 'PUSKESMAS PEMBANTU DURI KEPA', 3173051005, '2025-04-12 06:41:44', '2025-04-12 06:41:44'),
('912f7ff0-f813-4a41-ba4b-5a9be715c050', 'PUSKESMAS PEMBANTU TEGAL ALUR  I', 3173061003, '2025-04-12 06:41:43', '2025-04-12 06:41:43'),
('92cee844-b611-4758-8a8d-accf285de0f0', 'PUSKESMAS PEMBANTU SUMUR BATU', 1871091008, '2025-04-12 06:40:57', '2025-04-12 06:40:57'),
('933652b6-587b-4c40-b2a8-0c9deacf70d1', 'PUSKESMAS PEMBANTU RAWASARI', 1118082027, '2025-04-12 06:40:53', '2025-04-12 06:40:53'),
('93f216d9-bfda-41ca-b3a3-dfad3aad1b39', 'PUSKESMAS PEMBANTU PEGANGSAAN', 3171061001, '2025-04-12 06:40:59', '2025-04-12 06:40:59'),
('94bdae6e-9dd1-438b-9cbf-840d42874c57', 'PUSKESMAS PEMBANTU KALIANYAR', 3173041002, '2025-04-12 06:41:54', '2025-04-12 06:41:54'),
('94c558a3-6842-40f6-b3c0-2286b57f4a67', 'PUSKESMAS PEMBANTU TEGAL PARANG', 3174031004, '2025-04-12 06:42:06', '2025-04-12 06:42:06'),
('9552b52f-1ee8-4e35-b935-6afd7a4c6492', 'PUSKESMAS PEMBANTU JATI  I', 1371021003, '2025-04-12 06:42:54', '2025-04-12 06:42:54'),
('9558cda7-36a8-4c67-834c-0ed710708a66', 'PUSKESMAS PEMBANTU KEBON JERUK', 1871051004, '2025-04-12 06:41:45', '2025-04-12 06:41:45'),
('95aa4c4e-f3a4-4236-a48c-5ac6e8464730', 'PUSKESMAS PEMBANTU KALIBATA  I', 3174081002, '2025-04-12 06:42:07', '2025-04-12 06:42:07'),
('96393c3c-dad4-4077-b263-d7528287b26f', 'PUSKESMAS PEMBANTU KELAPA DUA WETAN', 3175091003, '2025-04-12 06:42:41', '2025-04-12 06:42:41'),
('96ad2a30-2dc6-42f6-bc4b-6e5d54fc94b4', 'PUSKESMAS PEMBANTU DURI PULO', 3171011006, '2025-04-12 06:40:53', '2025-04-12 06:40:53'),
('97340c20-215d-4cdb-9380-fcc744a60769', 'PUSKESMAS PEMBANTU TEGAL ALUR  II', 3173061003, '2025-04-12 06:41:44', '2025-04-12 06:41:44'),
('97e3c226-500c-4fa3-a33a-8a21994419b0', 'PUSKESMAS PEMBANTU JOGLO II', 3173081005, '2025-04-12 06:41:46', '2025-04-12 06:41:46'),
('9905cc4e-8386-4e1f-848d-aec1a8db6e45', 'PUSKESMAS PEMBANTU GROGOL  I', 3173021001, '2025-04-12 06:41:38', '2025-04-12 06:41:38'),
('993165f4-0c95-4f2f-b815-6c6924ea4c94', 'PUSKESMAS PEMBANTU CENGKARENG BARAT II', 3173011001, '2025-04-12 06:41:36', '2025-04-12 06:41:36'),
('99b48aa8-5744-480c-82d0-7b2ce39b6a3f', 'PUSKESMAS PEMBANTU CENGKARENG TIMUR', 3173011006, '2025-04-12 06:41:36', '2025-04-12 06:41:36'),
('9a4a1ee0-3c0c-4208-9245-f3bd5ff3f421', 'PUSKESMAS PEMBANTU BAMBU APUS II', 3175101006, '2025-04-12 06:42:38', '2025-04-12 06:42:38'),
('9a534ae9-1780-4da5-bb0a-ca15282dfe6f', 'PUSKESMAS PEMBANTU PEGANGSAAN DUA B', 3172061002, '2025-04-12 06:41:28', '2025-04-12 06:41:28'),
('9bbc2c14-de19-4429-8a3f-a82cbf08ad0c', 'PUSKESMAS PEMBANTU RAWA BUNGA', 3175031004, '2025-04-12 06:42:47', '2025-04-12 06:42:47'),
('9be5e878-0b6c-4376-afb9-dd6c2f39d1b5', 'PUSKESMAS PEMBANTU KEBON BAWANG III', 3172021005, '2025-04-12 06:41:33', '2025-04-12 06:41:33'),
('9c144eed-8a11-4ce6-96c6-f2dc34f018f1', 'PUSKESMAS PEMBANTU PASEBAN', 1509112005, '2025-04-12 06:41:02', '2025-04-12 06:41:02'),
('9e4c14b5-3277-4210-b217-e716522d5f3a', 'PUSKESMAS PEMBANTU SUKABUMI SELATAN', 3173051003, '2025-04-12 06:41:46', '2025-04-12 06:41:46'),
('9ee04fbc-47b4-4e50-971a-f683100599b8', 'Puskesmas Pembantu Gunung Sahari Selatan', 3171031005, '2025-04-12 06:40:56', '2025-04-12 06:40:56'),
('9efe0a50-6683-46d7-bddf-769c00587c3e', 'PUSKESMAS PEMBANTU GANDARIA SELATAN', 3174061004, '2025-04-12 06:41:57', '2025-04-12 06:41:57'),
('9f7f7477-7758-437c-90e8-e943a86b63b9', 'PUSKESMAS PEMBANTU LENTENG AGUNG  I', 3174091004, '2025-04-12 06:41:59', '2025-04-12 06:41:59'),
('9fc439bf-c8e0-46f7-9e92-1a0ca73ca517', 'PUSKESMAS PEMBANTU JATIPULO II', 0, '2025-04-12 06:41:48', '2025-04-12 06:41:48'),
('9fc5c08b-0194-45ef-9cc3-ab980fb19995', 'PUSKESMAS PEMBANTU KAPUK MUARA', 3172011003, '2025-04-12 06:41:32', '2025-04-12 06:41:32'),
('a185d7ac-b44f-4100-9e19-303a636b9348', 'PUSKESMAS PEMBANTU MENTENG ATAS', 3174021005, '2025-04-12 06:42:13', '2025-04-12 06:42:13'),
('a244626f-32dd-4467-9d38-08dc6aa18740', 'PUSKESMAS PEMBANTU PALMERIAM', 0, '2025-04-12 06:42:51', '2025-04-12 06:42:51'),
('a28d70c2-dc12-455d-8ae1-11276c84064f', 'PUSKESMAS PEMBANTU CIPINANG BESAR SELATAN I', 3175031007, '2025-04-12 06:42:45', '2025-04-12 06:42:45'),
('a2e051ea-9295-49af-8abd-6044c166ae26', 'PUSKESMAS PEMBANTU JAGAKARSA II', 3174091001, '2025-04-12 06:41:58', '2025-04-12 06:41:58'),
('a30b2687-6097-49e9-9938-16d65c53586b', 'PUSKESMAS PEMBANTU CIPINANG BESAR SELATAN II', 3175031007, '2025-04-12 06:42:46', '2025-04-12 06:42:46'),
('a4aff958-d0f0-4ddf-8165-d6fd8d10f431', 'PUSKESMAS PEMBANTU CEGER', 3175101008, '2025-04-12 06:42:39', '2025-04-12 06:42:39'),
('a5a7d6b1-dc9c-4eed-9392-8cab57649e27', 'PUSKESMAS PEMBANTU ANGKE', 3173041007, '2025-04-12 06:41:53', '2025-04-12 06:41:53'),
('a85b35c7-3ffd-4df1-90f3-50b24be27bb6', 'PUSKESMAS PEMBANTU PENGGILINGAN I ELOK', 3175061003, '2025-04-12 06:42:37', '2025-04-12 06:42:37'),
('a8a0c292-c5e1-4f51-b9f8-3c814fb1ef1f', 'PUSKESMAS PEMBANTU KEDOYA SELATAN', 3173051007, '2025-04-12 06:41:45', '2025-04-12 06:41:45'),
('a94349d9-0019-4c64-b97e-5632fa92d71a', 'PUSKESMAS PEMBANTU KAMPUNG BALI', 1771031019, '2025-04-12 06:41:03', '2025-04-12 06:41:03'),
('a9870f01-2a7b-4777-ad0f-51bc475368d1', 'PUSKESMAS PEMBANTU DURI KOSAMBI  II', 3173011002, '2025-04-12 06:41:37', '2025-04-12 06:41:37'),
('a9a128c4-4435-4ecc-a42f-e77488205ec9', 'PUSKESMAS PEMBANTU JAGAKARSA I', 3174091001, '2025-04-12 06:41:58', '2025-04-12 06:41:58'),
('a9be6b13-ae8c-4059-915b-125931e7eba8', 'PUSKESMAS PEMBANTU KRAMAT', 3171041004, '2025-04-12 06:41:01', '2025-04-12 06:41:01'),
('aa8df9ea-02db-4ce2-8659-1c1b00f24b47', 'PUSKESMAS PEMBANTU PULO', 1106042023, '2025-04-12 06:42:02', '2025-04-12 06:42:02'),
('aabc1ec0-e8f7-4f8e-818c-7e2237af489f', 'PUSKESMAS PEMBANTU PEJATEN BARAT II', 3174041006, '2025-04-12 06:42:10', '2025-04-12 06:42:10'),
('ab1bd23e-1fd1-4e8f-b63c-4e7d47c98c1e', 'PUSKESMAS PEMBANTU KARET TENGSIN', 3171071002, '2025-04-12 06:41:02', '2025-04-12 06:41:02'),
('ab7c469b-02c7-4100-85a5-3caf17cf185a', 'PUSKESMAS PEMBANTU KEBON KELAPA', 3171011005, '2025-04-12 06:40:54', '2025-04-12 06:40:54'),
('ac5fdeb3-d51e-467d-a77c-7f954e277a55', 'PUSKESMAS PEMBANTU KAYU PUTIH', 3175021006, '2025-04-12 06:42:55', '2025-04-12 06:42:55'),
('ad1d9e19-a387-45ff-9ded-03ff57e7953e', 'PUSKESMAS PEMBANTU BIDARA CINA III', 3175031002, '2025-04-12 06:42:45', '2025-04-12 06:42:45'),
('ade26034-d037-4015-9cf5-37358635240b', 'PUSKESMAS PEMBANTU ROA MALAKA', 3173041010, '2025-04-12 06:41:55', '2025-04-12 06:41:55'),
('b03f10d8-e817-4129-a605-8d35e4d1ce49', 'PUSKESMAS PEMBANTU KALIBARU', 7406112003, '2025-04-12 06:41:25', '2025-04-12 06:41:25'),
('b07a5eec-feeb-41d6-baa2-33bc8ec3b423', 'Puskesmas Pembantu Pademangan Timur', 3172051001, '2025-04-12 06:41:31', '2025-04-12 06:41:31'),
('b085d0db-1e67-44dd-a94d-0ceecc1be1e2', 'PUSKESMAS PEMBANTU KWITANG', 3171041005, '2025-04-12 06:41:01', '2025-04-12 06:41:01'),
('b0ab3b9b-b2e3-4bb4-95b5-311ea662a5a5', 'PUSKESMAS PEMBANTU RAWAMANGUN', 3175021005, '2025-04-12 06:42:55', '2025-04-12 06:42:55'),
('b0dbcb66-83b8-4d40-b901-dd53dab27b67', 'PUSKESMAS PEMBANTU KLENDER  II', 3175071003, '2025-04-12 06:42:42', '2025-04-12 06:42:42'),
('b0dc8755-02fb-4fd7-a586-53ed55437c3e', 'PUSKESMAS PEMBANTU SUNTER AGUNG III', 3172021006, '2025-04-12 06:41:34', '2025-04-12 06:41:34'),
('b2608ce4-e1f3-4f09-98d1-c1d5df936465', 'PUSKESMAS PEMBANTU RAWATERATE', 3175061002, '2025-04-12 06:42:38', '2025-04-12 06:42:38'),
('b3d934b4-26ce-42e8-ba4d-5b1075e48133', 'PUSKESMAS PEMBANTU KEBON BAWANG II', 3172021005, '2025-04-12 06:41:33', '2025-04-12 06:41:33'),
('b46ab71a-ecd6-4056-925f-12a1a5ae9271', 'PUSKESMAS PEMBANTU SUNTER AGUNG II', 3172021006, '2025-04-12 06:41:34', '2025-04-12 06:41:34'),
('b49cd26a-6c1b-4b30-877f-db8a43e1febb', 'PUSKESMAS PEMBANTU MERUYA SELATAN I', 3173081003, '2025-04-12 06:41:47', '2025-04-12 06:41:47'),
('b5618f55-905e-42b8-93aa-3f52a603b857', 'PUSLING CIPEDAK', 3174091006, '2025-04-12 06:41:58', '2025-04-12 06:41:58'),
('b64150e0-d0bf-46f7-b77d-c0a2a9b7d6e1', 'PUSKESMAS PEMBANTU PETAMBURAN', 3171071004, '2025-04-12 06:41:04', '2025-04-12 06:41:04'),
('b679bb63-4033-41f0-821f-5703f90be50d', 'PUSKESMAS PEMBANTU ROROTAN', 3172041006, '2025-04-12 06:41:26', '2025-04-12 06:41:26'),
('b6c53b87-eb0d-4020-9553-481a65cd6c0e', 'PUSKESMAS PEMBANTU CAKUNG TIMUR', 3175061004, '2025-04-12 06:42:36', '2025-04-12 06:42:36'),
('b748e30c-d3e8-4ac8-832d-4a4d2ec87656', 'PUSKESMAS PEMBANTU KAMAL II', 1610102003, '2025-04-12 06:41:42', '2025-04-12 06:41:42'),
('b7f9cba6-0336-4e1a-8748-12a528749cf0', 'PUSKESMAS PEMBANTU CIKOKO', 3174081006, '2025-04-12 06:42:06', '2025-04-12 06:42:06'),
('b9454e72-25f4-4935-9b58-f81a2191de23', 'PUSKESMAS PEMBANTU PADEMANGAN BARAT I', 3172051002, '2025-04-12 06:41:30', '2025-04-12 06:41:30'),
('ba748e66-6cd5-4528-a842-707bae0c43f1', 'PUSKESMAS PEMBANTU RAWA BADAK SELATAN', 3172031006, '2025-04-12 06:41:29', '2025-04-12 06:41:29'),
('bba2e19d-fc26-4cb6-86ea-49fceb1ad2cb', 'PUSKESMAS PEMBANTU BIDARA CINA II', 3175031002, '2025-04-12 06:42:45', '2025-04-12 06:42:45'),
('bc57f436-52c7-41b7-bfcf-2b1ceff6e2ad', 'PUSKESMAS PEMBANTU ULUJAMI', 3174101005, '2025-04-12 06:42:12', '2025-04-12 06:42:12'),
('be9a117a-a02f-4507-b835-12add3522a6c', 'PUSKESMAS PEMBANTU PISANGAN TIMUR I', 3175021002, '2025-04-12 06:42:55', '2025-04-12 06:42:55'),
('c0ead5ad-956f-484f-9d51-7bc357dfb2ad', 'PUSKESMAS PEMBANTU LAGOA', 3172031003, '2025-04-12 06:41:29', '2025-04-12 06:41:29'),
('c0f610a6-5588-4d9d-847e-909dda9e70ed', 'PUSKESMAS PEMBANTU UTAN KAYU UTARA', 3175011002, '2025-04-12 06:42:52', '2025-04-12 06:42:52'),
('c36763c4-e327-40b1-a213-3038509b54f4', 'PUSKESMAS PEMBANTU KALIDERES I', 3173061001, '2025-04-12 06:41:41', '2025-04-12 06:41:41'),
('c4474c68-fb33-43a8-9cc1-03ec78be816c', 'PUSKESMAS PEMBANTU SEMPER BARAT II', 3172041007, '2025-04-12 06:41:26', '2025-04-12 06:41:26'),
('c4d29e95-90ca-4a99-b09a-6e94f64dfa02', 'PUSKESMAS PEMBANTU DUREN SAWIT', 3175071001, '2025-04-12 06:42:42', '2025-04-12 06:42:42'),
('c5057717-a690-4200-b546-be008068fb5a', 'PUSKESMAS PEMBANTU KEMANGGISAN', 3173071005, '2025-04-12 06:41:49', '2025-04-12 06:41:49'),
('c55a36ad-42d9-4e6e-89b3-4c3b8a3c8b77', 'PUSKESMAS PEMBANTU TOMANG', 3173021003, '2025-04-12 06:41:41', '2025-04-12 06:41:41'),
('c857b324-50e5-4c97-a12b-b16feab27944', 'PUSKESMAS PEMBANTU PEJAGALAN', 3172011004, '2025-04-12 06:41:32', '2025-04-12 06:41:32'),
('c8c3ac5f-2adf-46bb-83a9-0e07f8e7d90d', 'PUSKESMAS PEMBANTU KALISARI', 1802012017, '2025-04-12 06:42:53', '2025-04-12 06:42:53'),
('ca2a7c15-420f-430f-8326-47212c28387b', 'PUSKESMAS PEMBANTU SRENGSENG', 3173081004, '2025-04-12 06:41:48', '2025-04-12 06:41:48'),
('ca98753f-cac2-42a1-bcbf-f9b17465684f', 'PUSKESMAS PEMBANTU PANCORAN', 3174081001, '2025-04-12 06:42:07', '2025-04-12 06:42:07'),
('cb70564e-1e1e-4d85-b35d-3b34ca74924a', 'PUSKESMAS PEMBANTU JOHAR BARU II', 3171081001, '2025-04-12 06:40:55', '2025-04-12 06:40:55'),
('cbfe93b7-3371-4ddb-a385-afcc111321cc', 'PUSKESMAS PEMBANTU MERUYA UTARA', 3173081002, '2025-04-12 06:41:48', '2025-04-12 06:41:48'),
('cc3a4721-f6a6-4a84-9d92-4cd7db8a8009', 'PUSKESMAS PEMBANTU PADEMANGAN BARAT II', 3172051002, '2025-04-12 06:41:31', '2025-04-12 06:41:31'),
('cc83420a-e5e3-4907-8719-ddcdd9d1cb05', 'PUSKESMAS PEMBANTU KAPUK  II', 1502072010, '2025-04-12 06:41:38', '2025-04-12 06:41:38'),
('ceb39ae7-e199-4a09-b1cb-ce2b6dc90028', 'PUSKESMAS PEMBANTU CEMPAKA PUTIH TIMUR', 3171051001, '2025-04-12 06:40:52', '2025-04-12 06:40:52'),
('cefe38a4-7b8f-4f57-a51c-a956dd47dfd6', 'PUSKESMAS PEMBANTU KEAGUNGAN', 3173031007, '2025-04-12 06:41:51', '2025-04-12 06:41:51'),
('d0e75c42-45d7-40ed-8d60-877a2a7d4309', 'PUSKESMAS PEMBANTU CILINCING I', 3172041001, '2025-04-12 06:41:24', '2025-04-12 06:41:24'),
('d0e876b6-5b94-4168-ae86-e5b500f5e5d1', 'PUSKESMAS PEMBANTU JOHAR BARU III', 3171081001, '2025-04-12 06:40:55', '2025-04-12 06:40:55'),
('d13cfd6b-ecb1-49b9-93ff-c3d16fa416bd', 'PUSKESMAS PEMBANTU PELA MAMPANG', 3174031003, '2025-04-12 06:42:06', '2025-04-12 06:42:06'),
('d2057f0c-57c5-492e-b4ed-378120306513', 'PUSKESMAS PEMBANTU JATIPULO I', 0, '2025-04-12 06:41:48', '2025-04-12 06:41:48'),
('d3d4ac5b-f2b6-4ac5-995a-e997abb4ec7c', 'PUSKESMAS PEMBANTU GELORA', 1407052008, '2025-04-12 06:41:02', '2025-04-12 06:41:02'),
('d4c224c4-66bd-49e6-85ba-c8a421e85437', 'PUSKESMAS PEMBANTU KEBON PALA', 3175081003, '2025-04-12 06:42:50', '2025-04-12 06:42:50'),
('d7326de1-c139-478b-887a-b9fe40e692db', 'PUSKESMAS PEMBANTU BUNGUR', 1410092005, '2025-04-12 06:41:01', '2025-04-12 06:41:01'),
('d8919392-de1b-4f03-9d57-89f24fd07134', 'PUSKESMAS PEMBANTU KAMPUNG TENGAH', 1112052011, '2025-04-12 06:42:48', '2025-04-12 06:42:48'),
('d961668a-3256-4873-9c59-bd9a8820a5a9', 'PUSKESMAS PEMBANTU DUKUH', 3175041003, '2025-04-12 06:42:48', '2025-04-12 06:42:48'),
('da14af1d-dbcc-4622-acaf-489ea17517b0', 'PUSKESMAS PEMBANTU CIBUBUR', 3175091002, '2025-04-12 06:42:40', '2025-04-12 06:42:40'),
('dc51b851-d545-40d6-94b8-a181e1f47999', 'PUSKESMAS PEMBANTU PONDOK KELAPA', 1174052005, '2025-04-12 06:42:44', '2025-04-12 06:42:44'),
('dd69304c-91b1-4795-83c6-cd3eb0f894a1', 'PUSKESMAS PEMBANTU MENTENG DALAM', 3174011003, '2025-04-12 06:42:15', '2025-04-12 06:42:15'),
('dd9a8957-b2a7-4e48-b0bc-8d8b9383c03c', 'PUSKESMAS PEMBANTU PONDOK PINANG', 3174051002, '2025-04-12 06:42:04', '2025-04-12 06:42:04'),
('debf361e-7d35-410c-8558-b069dfac4e1c', 'PUSKESMAS PEMBANTU PETOJO SELATAN', 3171011001, '2025-04-12 06:40:53', '2025-04-12 06:40:53'),
('dec5df95-85d8-4ef1-a1de-81f0aa8a63aa', 'PUSKESMAS PEMBANTU PEKOJAN I', 3173041009, '2025-04-12 06:41:55', '2025-04-12 06:41:55'),
('df736171-4b32-4f12-8e62-ae7e88981e86', 'PUSKESMAS PEMBANTU PEJATEN BARAT I', 3174041006, '2025-04-12 06:42:10', '2025-04-12 06:42:10'),
('df757f4a-2d40-4718-8424-b8e83b782e88', 'PUSKESMAS PEMBANTU KEBON SIRIH', 3171061003, '2025-04-12 06:40:58', '2025-04-12 06:40:58'),
('df75d091-404f-4572-ac37-06969dd0e590', 'PUSKESMAS PEMBANTU CIPULIR  I', 3174051003, '2025-04-12 06:42:03', '2025-04-12 06:42:03'),
('e60d4ea9-f35d-49f1-a16d-61046f09c7d4', 'PUSKESMAS PEMBANTU SLIPI II', 3173071002, '2025-04-12 06:41:50', '2025-04-12 06:41:50'),
('e6565a5d-1c2b-4a83-8f3f-457d3307fede', 'PUSKESMAS PEMBANTU KELAPA GADING TIMUR II', 3172061003, '2025-04-12 06:41:27', '2025-04-12 06:41:27'),
('e6885526-0af6-4276-8520-513c908e7efb', 'PUSKESMAS PEMBANTU GROGOL UTARA', 3174051004, '2025-04-12 06:42:04', '2025-04-12 06:42:04'),
('e689699d-c0d1-4e4f-87e6-6181d5a644e3', 'PUSKESMAS PEMBANTU KAMPUNG MELAYU', 1471011004, '2025-04-12 06:42:47', '2025-04-12 06:42:47'),
('e9a713f0-e577-4813-8723-a2a589a5c4d0', 'PUSKESMAS PEMBANTU PEKAYON', 3175051005, '2025-04-12 06:42:54', '2025-04-12 06:42:54'),
('e9a89379-bc0b-4856-a142-a3d67b9dcdca', 'PUSKESMAS PEMBANTU SUKABUMI UTARA', 3173051002, '2025-04-12 06:41:46', '2025-04-12 06:41:46'),
('eb0d86b3-3fc2-4190-a363-d15cc6f16a66', 'PUSKESMAS PEMBANTU KOJA', 3172031001, '2025-04-12 06:41:28', '2025-04-12 06:41:28'),
('ec611239-f64a-4c7c-ac41-bae900fb4508', 'PUSKESMAS PEMBANTU HALIM PERDANA KUSUMA I', 0, '2025-04-12 06:42:49', '2025-04-12 06:42:49'),
('eedb50d5-91a3-4e43-8f45-82991299ecc7', 'PUSKESMAS PEMBANTU PASAR MANGGIS', 3174021007, '2025-04-12 06:42:12', '2025-04-12 06:42:12'),
('eff00efc-4981-4f58-9cc2-a11eb2a80bf0', 'PUSKESMAS PEMBANTU PEGADUNGAN III', 3173061005, '2025-04-12 06:41:42', '2025-04-12 06:41:42'),
('f310307f-ef47-4596-848e-5855f0b224ca', 'PUSKESMAS PEMBANTU TAMAN SARI', 1674051004, '2025-04-12 06:41:51', '2025-04-12 06:41:51'),
('f50829cf-500b-4715-9978-ef9a6647f327', 'PUSKESMAS PEMBANTU SUNGAI BAMBU', 3172021004, '2025-04-12 06:41:34', '2025-04-12 06:41:34'),
('f55df324-c6b5-4066-a93c-c6391669dae3', 'PUSKESMAS PEMBANTU TANJUNG DUREN UTARA', 3173021002, '2025-04-12 06:41:40', '2025-04-12 06:41:40'),
('f5dec7be-ae5c-497e-a900-d3e33e7670be', 'PUSKESMAS PEMBANTU TANJUNG BARAT', 3174091005, '2025-04-12 06:41:59', '2025-04-12 06:41:59'),
('f6143f6c-7ce1-4d1c-bc6a-75a8c6977b9f', 'PUSKESMAS PEMBANTU DURI KOSAMBI  I', 3173011002, '2025-04-12 06:41:37', '2025-04-12 06:41:37'),
('f73fa623-f4d7-4c17-800d-26222f58c84d', 'PUSKESMAS PEMBANTU CIDENG', 3171011002, '2025-04-12 06:40:53', '2025-04-12 06:40:53'),
('f75f1b44-7165-4611-9a98-20ec643ef055', 'PUSKESMAS PEMBANTU KAMAL I', 1610102003, '2025-04-12 06:41:41', '2025-04-12 06:41:41'),
('f77ea265-5ad5-4089-8416-9e8150b64b54', 'PUSKESMAS PEMBANTU SUKAPURA', 1801152004, '2025-04-12 06:41:27', '2025-04-12 06:41:27'),
('f86e33d8-8165-46ce-828e-34718e2b280e', 'PUSKESMAS PEMBANTU KARTINI', 1210011005, '2025-04-12 06:41:00', '2025-04-12 06:41:00'),
('fa2f5b99-0bbd-42f8-9a06-4d54065f13ab', 'PUSKESMAS PEMBANTU PEGADUNGAN II', 3173061005, '2025-04-12 06:41:42', '2025-04-12 06:41:42'),
('fac58bf4-2d3f-464a-b812-2c1d272ddcec', 'PUSKESMAS PEMBANTU PULAU PANGGANG', 0, '2025-04-12 06:43:18', '2025-04-12 06:43:18'),
('fbdff5bc-6e7c-4bfe-b102-ad21f0a3ec9f', 'PUSKESMAS PEMBANTU PENJARINGAN I', 3172011001, '2025-04-12 06:41:32', '2025-04-12 06:41:32'),
('fbee5644-528b-47f3-8a46-e4ae7f823555', 'PUSKESMAS PEMBANTU PENJARINGAN II', 3172011001, '2025-04-12 06:41:32', '2025-04-12 06:41:32'),
('fd1ae8e1-7589-43c3-9db5-a98f100d087a', 'PUSKESMAS PEMBANTU GEDONG', 3175051001, '2025-04-12 06:42:53', '2025-04-12 06:42:53'),
('fd8e691b-30c7-4478-81a2-5a5176d105c6', 'PUSKESMAS PEMBANTU MAMPANG PRAPATAN', 3174031001, '2025-04-12 06:42:05', '2025-04-12 06:42:05'),
('fdcab2dc-0fa9-430d-91e7-a39f516f9ac4', 'PUSKESMAS PEMBANTU LEBAK BULUS', 3174061002, '2025-04-12 06:41:57', '2025-04-12 06:41:57'),
('fde877d0-9511-4726-a28a-9159346f0ea2', 'PUSKESMAS PEMBANTU PONDOK BAMBU I', 3175071002, '2025-04-12 06:42:43', '2025-04-12 06:42:43');

-- --------------------------------------------------------

--
-- Table structure for table `users`
--

CREATE TABLE `users` (
  `id` char(36) NOT NULL PRIMARY KEY,
  `name` varchar(255) NOT NULL,
  `role` varchar(255) NOT NULL,
  `email` varchar(255) NOT NULL,
  `email_verified_at` timestamp NULL DEFAULT NULL,
  `password` varchar(255) NOT NULL,
  `remember_token` varchar(100) DEFAULT NULL,
  `created_at` timestamp NULL DEFAULT NULL,
  `updated_at` timestamp NULL DEFAULT NULL,
  `deleted_at` timestamp NULL DEFAULT NULL,
  `pustu_id` char(36) DEFAULT NULL,
  `keterangan` varchar(255) DEFAULT NULL,
  `status_pegawai` varchar(255) DEFAULT NULL,
  `no_wa` varchar(255) NOT NULL
) ENGINE=InnoDB DEFAULT CHARSET=utf8mb4 COLLATE=utf8mb4_unicode_ci;


--
-- Dumping data for table `users`
--

INSERT INTO `users` (`id`, `name`, `role`, `email`, `email_verified_at`, `password`, `remember_token`, `created_at`, `updated_at`, `deleted_at`, `pustu_id`, `keterangan`, `status_pegawai`, `no_wa`) VALUES
('81db2573-0c0f-41b3-b034-e3ab3eca9da4', 'Admin', 'superadmin', 'admin@gmail.com', '2025-04-12 13:46:55', '$2y$12$PYfvHJkBb18bCPY9TAbBCevRQVtkqGxGEtQnyTtGupNKAHAjPqmGK', 'Syg3aBpOuDLDo2S4EOoSQ1DOD8zrwCpMLhqOEE1IijrwQ0HL90wrrVdNxzNB', '2025-04-12 06:32:13', '2025-04-12 06:32:13', NULL, NULL, NULL, NULL, ''),
('9ea88742-27db-4988-af1c-cfe1b11d01af', 'Rida Laksana', 'perawat', 'laksanarida@gmail.com', NULL, '$2y$12$YACrsk57TkIwk1nPULshA.Xw42MZvS1l5gncwPtc2qpBvP0HWMFkS', NULL, '2025-04-12 07:03:29', '2025-04-12 07:03:29', NULL, '824547d2-10a5-4421-bac5-4c6cd27679d8', 'perawat perkesmas', 'PNS', '081586590755'),
('9ea88742-9062-40df-92df-32642e307300', 'Nia hurriya', 'perawat', 'niashanum108@gmail.com', NULL, '$2y$12$MFu0nqAvji5msTlBPJcJWeUikg68F7THfeno60UYe9ZadFBE1Ycua', NULL, '2025-04-12 07:03:29', '2025-04-12 07:03:29', NULL, 'ceb39ae7-e199-4a09-b1cb-ce2b6dc90028', 'perawat perkesmas', 'NON PNS', '89655199598'),
('9ea88742-f8ca-4adc-a75f-c609bbc29184', 'Membi Purbawanti', 'perawat', 'membipurbawanti84@gmail.com', NULL, '$2y$12$Z9nvXby6cLeiK6yUkPEhZOwc6/TwGuqPbZC9M3V67KPD7ewUgyEYu', NULL, '2025-04-12 07:03:30', '2025-04-12 07:03:30', NULL, '933652b6-587b-4c40-b2a8-0c9deacf70d1', 'perawat perkesmas', 'NON PNS', '81910238592'),
('9ea88743-617d-4800-8e04-fa0a7cbf7dc1', 'Ayu Lestari', 'perawat', 'Ayuules@gmail.com', NULL, '$2y$12$41hlXaCiKPiPzQz9uMMH8OhPiMYPmcThPI8dlJGi9OL/SALo9VKx.', NULL, '2025-04-12 07:03:30', '2025-04-12 07:03:30', NULL, 'f73fa623-f4d7-4c17-800d-26222f58c84d', NULL, 'NON PNS', '081387615912'),
('9ea88743-ca43-4855-b985-5e065c090e06', 'Lestari Nurpratiwi', 'perawat', 'nurpratiwilestari@gmail.com', NULL, '$2y$12$rkY1imvZ3ZgXfY4BcOMrT.OhkVInhBhVCjZC.Gh7sp7GFE2tSaeqa', NULL, '2025-04-12 07:03:30', '2025-04-12 07:03:30', NULL, '96ad2a30-2dc6-42f6-bc4b-6e5d54fc94b4', NULL, 'NON PNS', '08561251116'),
('9ea88744-3430-4db9-bf09-9edb02f2e815', 'Indah Syahri', 'perawat', 'indahsyahri1426@gmail.com', NULL, '$2y$12$iBxIEtOd1yKgJRyRgRsPj.z4NBtl7hbu/lDG5/VQ/muMQjzAcq3M.', NULL, '2025-04-12 07:03:30', '2025-04-12 07:03:30', NULL, 'debf361e-7d35-410c-8558-b069dfac4e1c', NULL, 'NON PNS', '082299379197'),
('9ea88744-95c2-4d70-a111-afda4ae697ef', 'Muhamad Qusoy Muzami', 'perawat', 'mqmuzami@gmail.com', NULL, '$2y$12$KMOEuSiIafPLtm.pZn/H.u/.tcv6exP24XtsCCy/hkTUIs/t11yMy', NULL, '2025-04-12 07:03:31', '2025-04-12 07:03:31', NULL, 'ab7c469b-02c7-4100-85a5-3caf17cf185a', 'PERAWAT PERKESMAS', 'NON PNS', '085711426754'),
('9ea88745-69f4-4006-a5c6-8d7459d6b0ab', 'Ayu Kartika', 'perawat', 'Ayukartikawati1993@gmail.com', NULL, '$2y$12$5WV3sm3hoaYvO3/0rJlh9.8TEDuIE3dw1pyFo0TkhufI6MoQed0yC', NULL, '2025-04-12 07:03:31', '2025-04-12 07:03:31', NULL, '8405d0e4-a4b3-48b6-bd77-0293e2951cc1', NULL, 'NON PNS', '085788879744'),
('9ea88745-d173-484c-b191-9d9ddc79fc90', 'Rizki', 'perawat', 'rizki02kosonglima@gmail.com', NULL, '$2y$12$TkbS77z3za0.gOemTDmHiOW.xwZVecMjo0dWGQnk8GV6qyYhVhAZK', NULL, '2025-04-12 07:03:31', '2025-04-12 07:03:31', NULL, '79220e60-6688-4d96-9414-cb2722c7abfd', 'perawat KPLDH', 'NON PNS', '085714168119'),
('9ea88746-3965-4079-86a2-a5f4fb44c642', 'Alfira Khodijah Padilah', 'perawat', 'alfirakhodijah22@gmail.com', NULL, '$2y$12$XdmFbU8uQVYqrrMx7gaGC.TwOZv1lGyzNyVuIhvetAVgH7aCx8iRC', NULL, '2025-04-12 07:03:32', '2025-04-12 07:03:32', NULL, 'cb70564e-1e1e-4d85-b35d-3b34ca74924a', 'perawat KPLDH', 'NON PNS', '085777304494'),
('9ea88747-0e91-4012-9f9a-965e9a152698', 'Erma Wardiati', 'perawat', 'ermawardiati@gmail.com', NULL, '$2y$12$IQLs.ThH.a92zoBfxFNCruv2l88MMnQdKAt6i2RRzpAeNLRQdxKV2', NULL, '2025-04-12 07:03:32', '2025-04-12 07:03:32', NULL, '8405edbd-f438-4624-a6f7-689f51ab59f3', 'perawat KPLDH', 'NON PNS', '081213803339'),
('9ea88747-7353-4c49-bde5-c66332cc2416', 'Veni Dwi Cahyani', 'perawat', 'venidwicahyani@gmail.com', NULL, '$2y$12$3eXZp.dAEiCw7Q34rDnQeOao1JLP1TbSPeYUEjdEn8kfkBD7zHf4y', NULL, '2025-04-12 07:03:33', '2025-04-12 07:03:33', NULL, '614c09f1-620b-4ae9-944c-6d70b1e06188', 'perawat KPLDH', 'NON PNS', '089623665601'),
('9ea88747-dc3a-4daa-b49d-231f6a2c6f15', 'Desy Riani', 'perawat', 'desyriani210@gmail.com', NULL, '$2y$12$xKCyT6NcuYqAMrMzTn0Yb.VCcatpxIwlm7dpR8EsTlqCgwV..zcs6', NULL, '2025-04-12 07:03:33', '2025-04-12 07:03:33', NULL, '110221e2-8883-4a36-b85a-7c228c96540d', NULL, 'NON PNS', '087774337863'),
('9ea88748-45ea-4061-a5ab-035b17cf7dce', 'Donny Prastyo', 'perawat', 'donnyprastyo50@gmail.com', NULL, '$2y$12$A5jYkulPtEDsbjkW3O0h0e7VRGQlnMtmVzyaykJKF7hpk1K6OKAzO', NULL, '2025-04-12 07:03:33', '2025-04-12 07:03:33', NULL, '9ee04fbc-47b4-4e50-971a-f683100599b8', NULL, 'NON PNS', '085281060291'),
('9ea88748-ad37-42d1-a692-0bf80bc2ca7d', 'Yayi Syafitri', 'perawat', 'yayi_syafitri@yahoo.com', NULL, '$2y$12$IHuWQkt4WFustyLtTSXNh.dgOdSPsRYfILP.V.eJuT/Y1Q30BRULC', NULL, '2025-04-12 07:03:33', '2025-04-12 07:03:33', NULL, '110221e2-8883-4a36-b85a-7c228c96540d', NULL, 'NON PNS', '08111555305'),
('9ea88749-1939-4814-83e6-98b28ffb0d1a', 'Indah Tri Buana Dewi', 'perawat', 'indahtribuanadewi@gmail.com', NULL, '$2y$12$H0LMbtSx0tcDPwGGDADJ1.4ONqwu/jVw14PDrikKrmjKUwznsijwu', NULL, '2025-04-12 07:03:34', '2025-04-12 07:03:34', NULL, '901e7d5a-3c7b-4a6c-b8c6-739da5d0854b', NULL, 'NON PNS', '085920706861'),
('9ea88749-8228-4761-a857-e11df7a320e1', 'Marintan Monalika Sitorus', 'perawat', 'monalikasitorus@gmail.com', NULL, '$2y$12$atUim6IMAB44IxwQkSMB3uJc26Fw0XPO0xIeB2i6/pzb4CutPQR5a', NULL, '2025-04-12 07:03:34', '2025-04-12 07:03:34', NULL, '4b3166b0-14a4-4b13-81d5-e73387d30286', NULL, 'NON PNS', '081383864300'),
('9ea88749-e309-4e3d-b2bc-8c481f734350', 'Intari', 'perawat', 'agungintari37@gmail.com', NULL, '$2y$12$f3JlnyGv9USQHCvW4GjoI.5uzyCcganDFgbMybAxoTIp1qN52p40S', NULL, '2025-04-12 07:03:34', '2025-04-12 07:03:34', NULL, '293187b7-d510-4a47-864e-b22ec5104f74', 'Perawat KPLDH', 'NON PNS', '089681002491'),
('9ea8874a-4d26-446c-ac12-500d78197691', 'Anisa Hervian Reza Dewi', 'perawat', 'anisahervianrd@gmail.com', NULL, '$2y$12$0VD7uWWCQk2FVsto2V0D2OxvfNyQKf2iawFEqzyVvbbAq0zp/M5Aa', NULL, '2025-04-12 07:03:34', '2025-04-12 07:03:34', NULL, '92cee844-b611-4758-8a8d-accf285de0f0', NULL, 'NON PNS', '087878727006'),
('9ea8874a-b4e5-4646-9ec5-7905de43d372', 'Fitri Karlina', 'perawat', 'fkarlina20@gmail.com', NULL, '$2y$12$Gz10Vk4Z5OZvJt.hJgcemuOQJuyN3GqaFmKR1wvOj5o5DtoHbXk6i', NULL, '2025-04-12 07:03:35', '2025-04-12 07:03:35', NULL, '82bf1dfa-c7d2-45b4-bb2c-1ca0ab20dfb2', NULL, 'NON PNS', '085710339120'),
('9ea8874b-1daf-45ee-97c0-fad0aca4eb40', 'Lisa Ayu', 'perawat', 'lisaayulestari26@gmail.com', NULL, '$2y$12$04IT0UiugJsWi0.eTnFU5uqnI/MT8mpO.Wl9ztXisCKftOxMhj/EW', NULL, '2025-04-12 07:03:35', '2025-04-12 07:03:35', NULL, 'df757f4a-2d40-4718-8424-b8e83b782e88', 'Perawat KPLDH', 'NON PNS', '081380996790'),
('9ea8874b-8803-4141-8b12-e09753f3a390', 'Ai Arifatul Fitriyah', 'perawat', 'arifatul.fitriyah84@gmail.com', NULL, '$2y$12$KQvASYjeVkF.miswYolpe.kRpz5OtqTchmT9xpTb3sz56/fbSip8K', NULL, '2025-04-12 07:03:35', '2025-04-12 07:03:35', NULL, 'df757f4a-2d40-4718-8424-b8e83b782e88', 'Perawat KPLDH ', 'NON PNS', '83808177210'),
('9ea8874b-f1a5-431a-95e6-d8d5328db0dd', 'Riska Amalia', 'perawat', 'riskaalfatih93@gmail.com', NULL, '$2y$12$AUJ5di5HRaxekeELibOxCO00H1jcnDwdfp/zgkiIVd/0GYY8l.IEG', NULL, '2025-04-12 07:03:35', '2025-04-12 07:03:35', NULL, 'df757f4a-2d40-4718-8424-b8e83b782e88', 'Perawat Perkesmas', 'NON PNS', '85697006247'),
('9ea8874c-5a78-4293-abf8-949cc21d6902', 'Bella Lucia', 'perawat', 'bella.lucia16@gmail.com', NULL, '$2y$12$DYGTgumk6AGF.AdMyckvBeLDHNpN4bbblWOPSbztuZ63W7C5us.IW', NULL, '2025-04-12 07:03:36', '2025-04-12 07:03:36', NULL, '93f216d9-bfda-41ca-b3a3-dfad3aad1b39', 'Perawat Perkesmas', 'PPPK', '0822103346412'),
('9ea8874c-c3f7-49ea-900a-4c4e227cc345', 'Agustin', 'perawat', 'agustinevyanisa@gmail.com', NULL, '$2y$12$9Ki7vlNZe2YJVh9UVsbSc.ks9gw1uGL8z5ldnt.bpIuuN4XWWhgQi', NULL, '2025-04-12 07:03:36', '2025-04-12 07:03:36', NULL, '93f216d9-bfda-41ca-b3a3-dfad3aad1b39', 'Perawat KPLDH ', 'NON PNS', '85718022267'),
('9ea8874d-2c32-4999-81a0-94d4d13ba49c', 'Oon Qona\'ah', 'perawat', 'oonqonaah@gmail.com', NULL, '$2y$12$e15Gw5XYHkGM.XyMxzwFyeolDdbZmRxiU5CdNPDINluWZ1bwqb5BO', NULL, '2025-04-12 07:03:36', '2025-04-12 07:03:36', NULL, '75590f88-51d6-458e-be69-e5bc65edf4f4', 'Perawat Lansia', 'NON PNS', '081212205393'),
('9ea8874d-8e5b-4e5d-8485-40b7aecbc1c3', 'Rinal Gafur', 'perawat', 'rinalscourpion@gmail.com', NULL, '$2y$12$xYaqOSZ3MTO.sWUif0XaNO3SsLn0oXs48F4mO7TEY6/hZSDS9ETeG', NULL, '2025-04-12 07:03:37', '2025-04-12 07:03:37', NULL, '6d983919-ed8a-4e2a-b133-75e6687c978d', 'Perawat Lansia dan KPLDH', 'NON PNS', '081383819604'),
('9ea8874d-f31e-4268-907a-81d14e80fd8b', 'Ni Wayan ', 'perawat', 'wayanwindyani91@gmail.com', NULL, '$2y$12$nHIikcHl8a6JKll4cz5JOO9/mYZffnYY4/ijF9Vb8aTTd2.feOdXu', NULL, '2025-04-12 07:03:37', '2025-04-12 07:03:37', NULL, 'f86e33d8-8165-46ce-828e-34718e2b280e', 'Perawat Lansia', 'NON PNS', '082122487343'),
('9ea8874e-5d57-418a-b5a9-9da55ccafe54', 'Aulia Yuliani', 'perawat', 'auliayuliani23@gmail.com', NULL, '$2y$12$vzpDI38HGXazfUhqzDt97OfFUnm5MvgEiTUFIEpV3Btp9HvvoyZKm', NULL, '2025-04-12 07:03:37', '2025-04-12 07:03:37', NULL, '6d983919-ed8a-4e2a-b133-75e6687c978d', 'Perawat Lansia', 'NON PNS', '087841998912'),
('9ea8874e-beef-4ec3-b609-b88291dd40e3', 'Khusni Eko R', 'perawat', 'khusnioke@gmail.com ', NULL, '$2y$12$YmcYyjOsluGL1VZ1kxUwkOnupufCh8zMUbyiqccdLYenFnUoapgyu', NULL, '2025-04-12 07:03:37', '2025-04-12 07:03:37', NULL, '1fe82e99-368d-4a5d-b7cd-2bc1efcaff71', 'Perawat Lansia', 'NON PNS', '085212443206'),
('9ea8874f-2505-4757-bbbd-c096486fb4fb', 'Maria Massuli', 'perawat', 'torajamariamassuli@gmail.com', NULL, '$2y$12$YI5hJ8h999zk4cOoe9LvtOXOIYjAdrcB66OZHM2KDJxxtQo03WJda', NULL, '2025-04-12 07:03:38', '2025-04-12 07:03:38', NULL, 'd7326de1-c139-478b-887a-b9fe40e692db', 'Perawat KPLDH dan Perkesmas', 'NON PNS', '081293773507'),
('9ea8874f-8ea7-4448-9684-48edcdc89846', 'Siti Nahrowiyah', 'perawat', 'nahrowiyah12@gmail.com', NULL, '$2y$12$P9ZxBASgriGoEcXt93rfAOjicCf25hr3spjNjKs9SAy5a0BY1.H26', NULL, '2025-04-12 07:03:38', '2025-04-12 07:03:38', NULL, '6bd5e963-4c7b-4327-955f-c5c0f0bbeffd', 'Perawat KPLDH dan Perkesmas', 'NON PNS', '081218240885'),
('9ea8874f-f6d4-4ce3-87d7-9d36bbc7efa5', 'Wulan Syaraswati', 'perawat', 'Wulansyaraswati@gmail.com', NULL, '$2y$12$htxLDcR/DZjJ8fK.nMN8GuZC3jWnQvJpqKRe/Z3QoO4ZBe7FMzrey', NULL, '2025-04-12 07:03:38', '2025-04-12 07:03:38', NULL, 'a9be6b13-ae8c-4059-915b-125931e7eba8', 'Perawat KPLDH', 'NON PNS', '082113844503'),
('9ea88750-6063-4977-a45f-d99c98691ccc', 'Christovorus Roy Raja', 'perawat', 'christovorusroy@gmail.com', NULL, '$2y$12$A2LDfhoKOdinB9FAcImV3OugtV8Qs5sXQHo2DHSBkEEnG7JF1zz1.', NULL, '2025-04-12 07:03:38', '2025-04-12 07:03:38', NULL, 'b085d0db-1e67-44dd-a94d-0ceecc1be1e2', 'Perawat KPLDH dan Perkesmas', 'NON PNS', '08158889329'),
('9ea88750-c5d3-414b-a817-48272e8add2b', 'Jaka Risma', 'perawat', 'jakarisma90@gmail.com', NULL, '$2y$12$3TycaS8fOm1jjxdYSBIWbO/AnxOimrGSZxHiQ1BkrBuKsLkAIfZqy', NULL, '2025-04-12 07:03:39', '2025-04-12 07:03:39', NULL, '9c144eed-8a11-4ce6-96c6-f2dc34f018f1', 'Perawat KPLDH', 'NON PNS', '081277772190'),
('9ea88751-2f3c-407b-8acf-01e538c4b85d', 'Ika Maryanti', 'perawat', 'ikamaryanti94@gmail.com', NULL, '$2y$12$d9fOKh3u3eRyf3InHTnZp.Hv1dxsRXS.8Djsr.87uwemkCdmz.5QW', NULL, '2025-04-12 07:03:39', '2025-04-12 07:03:39', NULL, 'a9be6b13-ae8c-4059-915b-125931e7eba8', 'Perawat KPLDH dan Perkesmas', 'NON PNS', '08567613800'),
('9ea88751-990f-4101-a620-f8a7c4838681', 'Muhammad Nanda Putra ', 'perawat', 'muhammadnandaputra1@gmail.com', NULL, '$2y$12$vMLNwpEg89.qzmf0Bzst1uUxhpcRMBmzvKyUYVzE6K079oNdm/T/m', NULL, '2025-04-12 07:03:39', '2025-04-12 07:03:39', NULL, 'ab1bd23e-1fd1-4e8f-b63c-4e7d47c98c1e', 'Perawat KPLDH', 'NON PNS', '08871535677'),
('9ea88751-ff43-4a08-bdf4-fad429d2a26e', 'Wini Cania', 'perawat', 'caniawini15@gmail.com', NULL, '$2y$12$eAWLveSN/4U8I3dZHw7VNebOY90Jyax6xpJoPPCV7HkyvVWAzqp9e', NULL, '2025-04-12 07:03:39', '2025-04-12 07:03:39', NULL, 'd3d4ac5b-f2b6-4ac5-995a-e997abb4ec7c', 'PERAWAT PERKESMAS', 'NON PNS', '081282283673'),
('9ea88752-6741-41c0-b323-e0882a3ac398', 'Titin Rizki', 'perawat', 'rizkititin7@gmail.com', NULL, '$2y$12$Pixkuu3tfMxHvJBYp.Qel.iIaWYDMCtm0JZzuCiyV7APXYvt8tMmC', NULL, '2025-04-12 07:03:40', '2025-04-12 07:03:40', NULL, 'a94349d9-0019-4c64-b97e-5632fa92d71a', 'Perawat KPLDH', 'NON PNS', '083826330492'),
('9ea88752-d115-4d1d-96b0-2678589572be', 'Eva Pertiwi Mustikaningtyas', 'perawat', 'evapertiwi1993@gmail.com', NULL, '$2y$12$LiqYOzdmYLLhr7MMN1mgeuAOEFgYsq5vdL7avVnBSpr2LDM10bh.C', NULL, '2025-04-12 07:03:40', '2025-04-12 07:03:40', NULL, 'ab1bd23e-1fd1-4e8f-b63c-4e7d47c98c1e', 'Perawat KPLDH', 'NON PNS', '085778750048'),
('9ea88753-323d-4cf0-8bd2-f467c6ad0f20', 'Rikal Mochamad Aqbar', 'perawat', 'rikalmaqbar@gmail.com', NULL, '$2y$12$vmS4lfIdgPuqJhtCyl5F4.QgkOMI4smLwXeAKCFym/b7IGL7YOClS', NULL, '2025-04-12 07:03:40', '2025-04-12 07:03:40', NULL, '3392482f-dcc1-4590-94a5-06d147d9b304', 'Perawat KPLDH', 'NON PNS', '85,156,615,700'),
('9ea88753-9c97-441f-a38a-937fffb4c72d', 'Santika Kus Herawati, Amd. Kep.', 'perawat', 'tikaherawati33@gmail.com', NULL, '$2y$12$HiG/Jn7td0QdktZxR.LXkui2Z/OJO/Dr5c/fkaaPZIQ7iLsRNZn8y', NULL, '2025-04-12 07:03:40', '2025-04-12 07:03:40', NULL, '3392482f-dcc1-4590-94a5-06d147d9b304', 'Perawat KPLDH', 'NON PNS', '82297773799'),
('9ea88753-fd97-4413-873f-17ec004482e3', 'Savira Alfiani', 'perawat', 'Saviraalfiani77@gmail.com', NULL, '$2y$12$bcQH3OA.IbjrWdsmh/UzGO6/LxM0D5oKcxV3fVugSi3JXLYrlt1sW', NULL, '2025-04-12 07:03:41', '2025-04-12 07:03:41', NULL, 'b64150e0-d0bf-46f7-b77d-c0a2a9b7d6e1', 'PERAWAT PERKESMAS', 'NON PNS', '08982905083'),
('9ea88773-29d9-43a8-9546-6c2d1a4a9109', 'Wawan setiawan', 'perawat', 'Swawan770@yahoo.com', NULL, '$2y$12$mfPl2x1rFFsv3ypEYWRp1ek4lvVll/FbuNNAS7CEVgHkt02.sAg0S', NULL, '2025-04-12 07:04:01', '2025-04-12 07:04:01', NULL, 'd0e75c42-45d7-40ed-8d60-877a2a7d4309', NULL, 'NON ASN', '81311048227'),
('9ea88773-99a1-4796-99d3-283612e8ebf6', 'Sri Purwati', 'perawat', 'lansiapustukalibaru@gmail.com', NULL, '$2y$12$efVnIP27SNE1AxdKTc5J3uzVVkfDvKVPAtWEe3a6JiFmH5.TMX5RO', NULL, '2025-04-12 07:04:01', '2025-04-12 07:04:01', NULL, 'b03f10d8-e817-4129-a605-8d35e4d1ce49', NULL, 'PNS', '82111582215'),
('9ea88774-060a-460e-a165-ac1e368d5296', 'Devy Agecstya Citra Sari ', 'perawat', 'citraagecstya@gmail.com', NULL, '$2y$12$9plkyrEa.ATTG7kSt9Szqehr4OeWpi1iUoQcTGaZkpu9X.fGOK2M2', NULL, '2025-04-12 07:04:02', '2025-04-12 07:04:02', NULL, '1875bf44-9b45-4dba-9f38-bc93b5fd610a', NULL, 'NON ASN', '085888211228'),
('9ea88774-71f5-4eef-b6c4-6c4dc396040b', 'Prasasti Pebrina', 'perawat', 'prasastipebrina@ymail.com', NULL, '$2y$12$VouZWDFeFmgQyjQuiNDud.pQDLdvoLU/zW7FGsbYEbyh6M0mzj8EC', NULL, '2025-04-12 07:04:02', '2025-04-12 07:04:02', NULL, '54f602dd-4e05-4ba4-931d-3fa175751829', 'Perawat KPLDH', 'NON PNS', '081291060726'),
('9ea88774-d7af-48d2-bb3d-19532bc7d0ee', 'Septiany Arcasari', 'perawat', 'arcasari99@gmail.com', NULL, '$2y$12$hJc6RHZqt2uQvOqYcGMLpOfBnICttav2tMMMoUwHJanp8F5adN5kq', NULL, '2025-04-12 07:04:02', '2025-04-12 07:04:02', NULL, 'b679bb63-4033-41f0-821f-5703f90be50d', NULL, 'NON ASN', '81999715942'),
('9ea88775-45c0-488e-b5b8-d834a287521f', 'Adetia Rosanti', 'perawat', 'AdetiaRosanti08@gmail.com', NULL, '$2y$12$XIPPJCeegVeDV.80c3jtHu.GqquetEaTxXsPc95e/3K/1tXaZQeSy', NULL, '2025-04-12 07:04:03', '2025-04-12 07:04:03', NULL, '18f19581-e674-45f1-a5d9-7116667dc56e', NULL, 'NON ASN', '85718492600'),
('9ea88775-ab43-4cd8-b809-0e5208de2ac9', 'Siti Karimah', 'perawat', 'sitikarimah201717@gmail.com', NULL, '$2y$12$is0JtYg0dhMTSogBzCZsgOKSAbytQe3fjqIqA5Zvfz27hG0ulq7YW', NULL, '2025-04-12 07:04:03', '2025-04-12 07:04:03', NULL, 'c4474c68-fb33-43a8-9cc1-03ec78be816c', NULL, 'NON ASN', '87887291116'),
('9ea88776-1704-4fe6-8777-d584542185cd', 'Astri Indika Husna', 'perawat', 'inkah45@gmail.com', NULL, '$2y$12$H/gZgCJzSfuX0ic1Qwcx8Oz5N1WVII/4T4EsUG1wUpKK0B1Fn0bHC', NULL, '2025-04-12 07:04:03', '2025-04-12 07:04:03', NULL, '3e534d7f-b575-4b1c-bbd5-7a62a77f7e8d', NULL, 'NON ASN', '0895320039036'),
('9ea88776-8580-4ce2-80bc-69b8c6b351d2', 'yayah komariah', 'perawat', 'yayahkomariah517@gmail.com', NULL, '$2y$12$85S9R0lJ/OikH.8CNVNChObD7.9PxxCTR0a17IShL0XUgKd5xhCS.', NULL, '2025-04-12 07:04:03', '2025-04-12 07:04:03', NULL, '0bad766c-c598-44e1-a139-2827a19658ae', NULL, 'NON ASN', '81908932221'),
('9ea88776-f3a0-413a-a4ae-66fa873986b9', 'Christiana Elisabeth Marisi P', 'perawat', 'christianaelisabeth@gmail.com', NULL, '$2y$12$h2vg2JqlhR4nXQWw/MHbfesgpsHIPIgEsUbEQ/zAqzbNMa4gSY2cy', NULL, '2025-04-12 07:04:04', '2025-04-12 07:04:04', NULL, 'f77ea265-5ad5-4089-8416-9e8150b64b54', NULL, 'NON ASN', '081318705664'),
('9ea88777-60ca-494c-a6bf-10453053506b', 'Umi Novitasari ', 'perawat', 'datakerjaumi@gmail.com', NULL, '$2y$12$uwJZleZPDL0fQ3BjdBsvUO5N0TNAbhTNxYCxAPBWG47SB7mg9IZVW', NULL, '2025-04-12 07:04:04', '2025-04-12 07:04:04', NULL, 'e6565a5d-1c2b-4a83-8f3f-457d3307fede', NULL, 'NON ASN', '081218506072'),
('9ea88777-cbb3-4197-8130-efd1c5753405', 'Putri Agustini', 'perawat', 'poetrysetyawan89@gmail.com', NULL, '$2y$12$fTsWq51o/zIJoWAY19veCutbEWNkvHQxi7XdqOrOCIFYObQ4nXAqS', NULL, '2025-04-12 07:04:04', '2025-04-12 07:04:04', NULL, '3815f7e5-6055-4a97-bc4b-e09090037d8d', NULL, 'NON ASN', '082213850704'),
('9ea88778-3864-4c5e-b320-2c0491317957', 'Dahliana Sari ', 'perawat', 'dahlianasari1969@gmail.com', NULL, '$2y$12$H/og0Azp23I29CBBZFtq4.8X1TElrizn4r5sxk/fC0wgzp/I3Dp5i', NULL, '2025-04-12 07:04:04', '2025-04-12 07:04:04', NULL, '1eeb36bc-dff3-4896-96f7-848b772493af', NULL, 'PNS', '081333352544'),
('9ea88778-a3d2-446f-851f-6a74ccb60191', 'Marismauli Sibarani', 'perawat', 'maris.sibarani@gmail.com', NULL, '$2y$12$cjUV0l2Z/cMqOR8hqWmoXeckdk9xSqsBSyWHGWNVyj96s7.bevLYK', NULL, '2025-04-12 07:04:05', '2025-04-12 07:04:05', NULL, '9a534ae9-1780-4da5-bb0a-ca15282dfe6f', NULL, 'PNS', '081210063204'),
('9ea88779-0fb7-49dd-a845-83fd733bbf4d', 'Ramadhan anggu', 'perawat', 'ramadhananggua@gmail.com', NULL, '$2y$12$d1Q8eLFfetOxFp2nwM4fpO0Ydp/ktKUE/Q6vmkcFLKfqpfTlOsf7O', NULL, '2025-04-12 07:04:05', '2025-04-12 07:04:05', NULL, 'eb0d86b3-3fc2-4190-a363-d15cc6f16a66', NULL, 'NON ASN', '0821-1296-2221'),
('9ea88779-7a32-4f07-bdc8-beb0d1184c49', 'Ulfi Resinta', 'perawat', 'ulfiresinta14220@gmail.com', NULL, '$2y$12$RzOofMAxU8eTp9aWbBz2IuCQbD6IVxkZFHPQAo9SMeMlz8CTqxEKi', NULL, '2025-04-12 07:04:05', '2025-04-12 07:04:05', NULL, 'c0ead5ad-956f-484f-9d51-7bc357dfb2ad', NULL, 'NON ASN', '0818-0899-4800'),
('9ea88779-e643-4e43-8f2b-646453c204ad', 'Eva Marita', 'perawat', 'evam33544@gmail.com', NULL, '$2y$12$Yl9MOfNBv8LhwZ8Z7SuAKeE6qJUXWqxLn35y3vPKrz0KCyNKgBy9W', NULL, '2025-04-12 07:04:06', '2025-04-12 07:04:06', NULL, 'ba748e66-6cd5-4528-a842-707bae0c43f1', NULL, 'NON ASN', '0812-8885-3512'),
('9ea8877a-51ad-47a3-8ea4-d8a11275e61d', 'Siti Sarah', 'perawat', 'sarahgustiana@gmail.com', NULL, '$2y$12$X.7NFdi8sAUboaRq5IJe3erxxwCaujAS7RSPtyU/fL2lV95sq1Z8G', NULL, '2025-04-12 07:04:06', '2025-04-12 07:04:06', NULL, '828ccf22-d6f7-45a9-a940-539c74f4f0d7', NULL, 'NON ASN', ' 0878-5349-0649'),
('9ea8877a-bdf3-48cb-b6af-af8b936e9809', 'Maulana', 'perawat', 'ramaweiss99@gmail.com', NULL, '$2y$12$vCf21VbnhGkIzXlUvJSixe6OknyiuqjzLqAU09PvObY25SSqEAQ1W', NULL, '2025-04-12 07:04:06', '2025-04-12 07:04:06', NULL, '67b6d191-ea2e-4db3-be6c-7bda4c5326b1', NULL, 'NON ASN', '0812-1026-4748'),
('9ea8877b-2a04-4f31-98e1-60658906e111', 'Riadh Bagus', 'perawat', 'riadhpanjang@gmail.com', NULL, '$2y$12$5nPsx6SJB2aIyvrtEzmoxe5doFkfx0PIjZXhNjYscPoAgd6kCs31O', NULL, '2025-04-12 07:04:06', '2025-04-12 07:04:06', NULL, '4be4531b-c39d-400f-9a5e-80ad01b53908', NULL, 'NON ASN', '0852-8270-9270'),
('9ea8877b-96de-478b-ad9a-851646467edd', 'Putri Nurmala', 'perawat', 'Nurmalapramudhitaputri@gmail.com', NULL, '$2y$12$/3j1al33AAWQ8mTGZ2cxROVfftIFQkDfxiUmrJyGRvOTTfCPFPY.G', NULL, '2025-04-12 07:04:07', '2025-04-12 07:04:07', NULL, '5c8539b3-989a-4f3f-b039-800951ecaa49', NULL, 'NON ASN', '0838-0802-3350'),
('9ea8877c-03f0-4178-ba4e-56df3d6a8773', 'Rindi Lestari', 'perawat', 'rindilestary89@gmail.com', NULL, '$2y$12$fxMeuOW/AL2YAxSn1AvUleAMcyVu/.CEP0.Lhwg4.tFj0LGVtggKS', NULL, '2025-04-12 07:04:07', '2025-04-12 07:04:07', NULL, '6fbeb5ed-ecac-47ab-96cd-eac1668f3261', NULL, 'NON ASN', '87780386978'),
('9ea8877c-71da-42ad-bc25-d4934ae6f4ec', 'Loni Situmorang', 'perawat', 'situmorangloni@gmail.com', NULL, '$2y$12$uAj1X9FdPSlNCgskMMC0SOldyMsCJmmB1mHn7hs8qlaYaPkVNyu9u', NULL, '2025-04-12 07:04:07', '2025-04-12 07:04:07', NULL, 'b9454e72-25f4-4935-9b58-f81a2191de23', NULL, 'NON ASN', '81283702487'),
('9ea8877c-d89a-402e-a43f-fc09d6ee8a8b', 'Dedi Suryo Atmojo', 'perawat', 'dediatmojo50@gmail.com', NULL, '$2y$12$qZWmW7k32.gmVuNeAHNDO.KbQ/qPzSg0nmrHr/vqZN4oXfUHNVIe.', NULL, '2025-04-12 07:04:08', '2025-04-12 07:04:08', NULL, 'cc3a4721-f6a6-4a84-9d92-4cd7db8a8009', NULL, 'NON ASN', '81395236192'),
('9ea8877d-3ea5-46a8-bfb1-706d07a6b5cb', 'Ines Maharani Adriansyah', 'perawat', 'adriansyahines@gmail.com', NULL, '$2y$12$UQtdAojqnZ1/CavFRN3N..NbCz.2MJkrMClk7CZCBkvWScAjTO.1e', NULL, '2025-04-12 07:04:08', '2025-04-12 07:04:08', NULL, 'b07a5eec-feeb-41d6-baa2-33bc8ec3b423', NULL, 'NON ASN', '81310689655'),
('9ea8877d-ab2f-45a4-8456-1b7e441825c9', 'Awanda Novita Sari', 'perawat', 'awandanovita@gmail.com', NULL, '$2y$12$2cMdgQ8MM85FNrrh8vxrXuHwLT1RaRG3j4bndbgz.fqI9QQG7wgDG', NULL, '2025-04-12 07:04:08', '2025-04-12 07:04:08', NULL, '2df12e0e-f1c3-4604-95c4-04480a5f052e', NULL, 'NON ASN', '895352040105'),
('9ea8877e-1727-4ee6-a9bd-1f15447c0120', 'Muhammad Ikhsan Kurniawan', 'perawat', 'kurniawanikhsan12@gmail.com', NULL, '$2y$12$flruEmmGxjUwQYksBVBOLORjAqk3wF85tjgB18OkGRALbg6.74vDu', NULL, '2025-04-12 07:04:08', '2025-04-12 07:04:08', NULL, '9fc5c08b-0194-45ef-9cc3-ab980fb19995', NULL, 'NON ASN', '*085174352991'),
('9ea8877e-833e-4e9f-94dd-b96ddc087842', 'Leo Candra', 'perawat', 'lcandra0996@gmail.com', NULL, '$2y$12$S18mFS8A9a2ztuJTgIZmQuTvkO/ll2He/rNJrFmPORc3sThtfClam', NULL, '2025-04-12 07:04:09', '2025-04-12 07:04:09', NULL, 'c857b324-50e5-4c97-a12b-b16feab27944', NULL, 'NON ASN', '085280060996'),
('9ea8877e-eebc-4b4c-b223-93ab50c5d6e0', 'Tri Puji Lestari', 'perawat', 'tripujilestaari@gmail.com', NULL, '$2y$12$4vWRXAP9E/o4HtWdH4AtV.WsI0tI2fIqdCf3dY3wZS1HbpDvWUGSq', NULL, '2025-04-12 07:04:09', '2025-04-12 07:04:09', NULL, 'fbdff5bc-6e7c-4bfe-b102-ad21f0a3ec9f', NULL, 'NON ASN', '87898406006'),
('9ea8877f-c487-4931-8682-313daff6acbf', 'Wulan Suminar', 'perawat', 'wulansmrfa1@gmail.com', NULL, '$2y$12$QJtx0tG7RbVL2v7TRKa/Re1xSh7ofCGedUQSdY8jETNRalmwkUray', NULL, '2025-04-12 07:04:09', '2025-04-12 07:04:09', NULL, '045bfc02-9ccd-465a-9417-b45b96146734', NULL, 'NON ASN', '8152224009'),
('9ea88780-2cfc-452e-a030-3a4d912f1404', 'Reni Nur Oktavianti', 'perawat', 'hs.pustukb1@gmail.com', NULL, '$2y$12$2FLfchuuP8d8u0EzlxDfHOgSCUAJyjvA8/m47ZTWRklj2Y5m8xtx6', NULL, '2025-04-12 07:04:10', '2025-04-12 07:04:10', NULL, '5d661c6a-04ed-4a2e-8679-de03856a23c7', 'Perawat Perkesmas', 'PNS', '082123937843'),
('9ea88780-9b2e-47e8-b101-e7783cbbd1b8', 'Dewi Eka Sundaryati', 'perawat', 'hs.pustukb3@gmail.com', NULL, '$2y$12$Uw1OMPWxRuojQXaKq6AVRuH55TYChLuN31pUPXWvFQngNyYN9bNqK', NULL, '2025-04-12 07:04:10', '2025-04-12 07:04:10', NULL, '9be5e878-0b6c-4376-afb9-dd6c2f39d1b5', 'Perawat KPLDH', 'NON ASN', '082125814548'),
('9ea88781-052b-4e7d-957b-eea7b00297ab', 'Veda Mukti Nugroho', 'perawat', 'hs.pustupapanggo@gmail.com', NULL, '$2y$12$Yp7qEdtdX82Ic3UhNqCuVOtqDAE87HwvTw/S8Ym3NZCWF4IG9LGw2', NULL, '2025-04-12 07:04:10', '2025-04-12 07:04:10', NULL, '6b3c8df5-8127-4f22-80eb-8b6f24eebad8', 'Perawat Perkesmas', 'NON ASN', '085640133155'),
('9ea88781-6c5f-4b50-b5a4-ba59ed801b7e', 'Arista Ambarwati', 'perawat', 'hs.pustusb@gmail.com', NULL, '$2y$12$tBasDyzhejf/rX7rBk/9v.TdkC6R49fFU9WtE6p2os21zY3DP1SiS', NULL, '2025-04-12 07:04:11', '2025-04-12 07:04:11', NULL, 'f50829cf-500b-4715-9978-ef9a6647f327', 'Perawat Perkesmas', 'NON ASN', '081398503796'),
('9ea88781-d5e0-4228-904d-f79d3a672403', 'Putri Wulan Sari', 'perawat', 'hs.pustusa1@gmail.com', NULL, '$2y$12$rSeF01mE6kGV0eo4Uylfd.SBBy7FdO7wFf9k3OUog2SU694Bu7YMe', NULL, '2025-04-12 07:04:11', '2025-04-12 07:04:11', NULL, '0c4b48af-6a2d-4807-84b3-84c7731b75f9', 'Perawat Perkesmas', 'NON ASN', '081286463936'),
('9ea88782-3ea7-46b0-8ad4-00c8f8a44252', 'Muhammad Rafi Fadli', 'perawat', 'hs.pustusa2@gmail.com', NULL, '$2y$12$E6/PNcejuPQBmihU6CVIEeOYFypgvgD7nfjVD13C6BMfL9FFsfYmG', NULL, '2025-04-12 07:04:11', '2025-04-12 07:04:11', NULL, 'b46ab71a-ecd6-4056-925f-12a1a5ae9271', 'Perawat Perkesmas', 'NON ASN', '081554451251'),
('9ea88782-a793-4b29-bf9d-433ccbf5d2fb', 'Seflira Listyoningrum', 'perawat', 'hs.pustusa3@gmail.com', NULL, '$2y$12$5LVX0kdxaaIzc7cTUHIWWe2lyglrOWSSWmcNw3Dmzcr9Nn9OsSPaK', NULL, '2025-04-12 07:04:11', '2025-04-12 07:04:11', NULL, 'b0dc8755-02fb-4fd7-a586-53ed55437c3e', 'Perawat Perkesmas', 'NON ASN', '082210338338'),
('9ea88783-131b-4984-b9bc-e02add1a429b', 'Umi Kulsum', 'perawat', 'hs.pustusj1@gmail.com', NULL, '$2y$12$7z2zEJ56/unkL1Ag6Q2YZOlQctUbnfMZLbIQpBUd0MH6RE/BI10Oa', NULL, '2025-04-12 07:04:12', '2025-04-12 07:04:12', NULL, '8f78ec0c-6475-4fcd-91c1-d7ea2f4337bd', 'Perawat Perkesmas', 'NON ASN', '081219659896'),
('9ea88783-7bc2-49a2-809a-e6f274ae9053', 'Eny Hastuti', 'perawat', 'hs.pustusj2@gmail.com', NULL, '$2y$12$UDEEVuwnhTr3u7fdse80LOgFGB6CaOyE3br0y2biQ3.Q.01EYvc9O', NULL, '2025-04-12 07:04:12', '2025-04-12 07:04:12', NULL, '6067aabe-46ef-497e-a61a-60d2766b9e33', 'Perawat Perkesmas', 'PNS', '087842452355'),
('9ea88783-e4cb-49e9-a797-c752be60c727', 'Rezky Pustaka Sari', 'perawat', 'hs.pustutp@gmail.com', NULL, '$2y$12$S.D45H69fUaavkwyu2gQJOmhIrXSGWLHmMlyS59jBGoaPT/GgWf/C', NULL, '2025-04-12 07:04:12', '2025-04-12 07:04:12', NULL, '45184baf-ce35-4366-bc80-bdf2a8332fcc', 'Perawat KPLDH', 'NON ASN', '081382084117'),
('9ea88784-4dcf-4f2a-8d3d-f6f67bc8fe31', 'Neneng', 'perawat', 'hs.pustuwarakas@gmail.com', NULL, '$2y$12$c4KIpWDrcU..0pUIKgkU9uhdnKK.3IAO5YzpubBA7AeHiWJoRW3a2', NULL, '2025-04-12 07:04:12', '2025-04-12 07:04:12', NULL, '7a55d4e7-c3be-48e0-ae74-b407a0827157', 'Perawat KPLDH', 'NON ASN', '081289468947'),
('9ea88784-e452-416d-aa81-94fc8c8d010e', 'Sri Rejeki', 'perawat', 'puskesmascbsatu@gmail.com', NULL, '$2y$12$p2IkfQp4prKRvYP9NtLDf.xhXkL36CspR4gGVhJUsrEEPWHZG7ebC', NULL, '2025-04-12 07:04:13', '2025-04-12 07:04:13', NULL, '3e9069e6-11cc-4153-9ee7-c7a9126db6ba', NULL, 'NON ASN', '81260113230'),
('9ea88785-4dbe-4f61-b5fe-f29940cb33db', 'Shelly Niken', 'perawat', 'shelly.niken@gmail.com', NULL, '$2y$12$kbep2mUcz/ZyyhL1wjmKEOaJimDjUXgLV0idcx.tZ4XOw/4k5aqvu', NULL, '2025-04-12 07:04:13', '2025-04-12 07:04:13', NULL, '993165f4-0c95-4f2f-b815-6c6924ea4c94', NULL, 'NON ASN', '85775504217'),
('9ea88785-b0f0-494c-9b93-2d7d3d35a2f3', 'Eri Irawan', 'perawat', 'pklcengkarengtimur94@gmail.com', NULL, '$2y$12$wMr4czjCkocWYUENDd1XdusHMp7RgPN5TBIkJUY664QGPXCmATedS', NULL, '2025-04-12 07:04:13', '2025-04-12 07:04:13', NULL, '99b48aa8-5744-480c-82d0-7b2ce39b6a3f', NULL, 'NON ASN', '85215855929'),
('9ea88786-1b27-4da1-a23d-c028eaff09b9', 'Asep Nurbuana', 'perawat', 'puskesmasdurikosambisatu@gmail.com', NULL, '$2y$12$sVQ4RagyhnoQtKu5zvi7XONWDohD6dITCiNR3Qd2Rd/adwbSGJoZW', NULL, '2025-04-12 07:04:14', '2025-04-12 07:04:14', NULL, 'f6143f6c-7ce1-4d1c-bc6a-75a8c6977b9f', NULL, 'NON ASN', '82116375988'),
('9ea88786-7e61-461e-ac7a-585d0182d33d', 'Rika Atunisa', 'perawat', 'puskesmaspkldk2@gmail.com', NULL, '$2y$12$p/RzDUnCQmx7VB7SS/g0pesgZRLPzLLe.nEHijXEEdHDVl5EMFw3S', NULL, '2025-04-12 07:04:14', '2025-04-12 07:04:14', NULL, 'a9870f01-2a7b-4777-ad0f-51bc475368d1', NULL, 'NON ASN', '81282225539'),
('9ea88786-e4f5-41fb-b6d1-d6256418f518', 'Abdul Ajat', 'perawat', 'puskesmaskapuk1@gmail.com', NULL, '$2y$12$wxk0OicUN6KLnxotU3dFaeVUlxfCig9mlZ8W1gzl433Ef6y5Y9TmK', NULL, '2025-04-12 07:04:14', '2025-04-12 07:04:14', NULL, '53108272-9473-469f-ba73-67b7c7a9156f', NULL, 'NON ASN', '87784768202'),
('9ea88787-4ba1-4572-8d9d-b7358cdb4310', 'Lisa', 'perawat', 'lisahwindarti92@gmail.com', NULL, '$2y$12$iDI1.rlLIogLoEROGDJMne6hlnL8uVvQccUdMBn1dK/5bgzgfp0mm', NULL, '2025-04-12 07:04:14', '2025-04-12 07:04:14', NULL, 'cc83420a-e5e3-4907-8719-ddcdd9d1cb05', NULL, 'NON ASN', '89601571540'),
('9ea88787-b528-48af-b964-b5454e0c45a3', 'Rahmad Arif', 'perawat', 'rahmadarifn@gmail.com', NULL, '$2y$12$sIMSb8Y49i4teud1Y/VLie2SMeMhBkaK/dxBKQBCc2uOCGK4A761G', NULL, '2025-04-12 07:04:15', '2025-04-12 07:04:15', NULL, '06917155-8329-45c7-95bb-f7e2487c5526', NULL, 'NON ASN', '87884346226'),
('9ea88788-1e5e-4d96-afc2-464041fa7c8a', 'Nila Ardila', 'perawat', 'nila.ardla@gmail.com', NULL, '$2y$12$rnKc/JjNXg31lg9JhVJUwO/e3CEyX.erfWVbVeCHPJx7uWQ8cAZB.', NULL, '2025-04-12 07:04:15', '2025-04-12 07:04:15', NULL, '3d9cc7f8-abe1-4fd6-82c4-b891169090c4', NULL, 'NON ASN', '85226363463'),
('9ea88788-8814-4d61-b415-dea68f372483', 'Kurniasih', 'perawat', 'grogolsatu@gmail.com', NULL, '$2y$12$TxcNOuxaWR6rSmhfGDmUJuSXd7OHmhUUsYl0yGnlurzWjEuHh80kG', NULL, '2025-04-12 07:04:15', '2025-04-12 07:04:15', NULL, '9905cc4e-8386-4e1f-848d-aec1a8db6e45', 'Perawat Perkesmas', 'NON ASN', '087889222071'),
('9ea88788-f5b2-49a9-9ef4-88d4a637d100', 'Hotmawati', 'perawat', 'pkm.grogoldua@gmail.com', NULL, '$2y$12$.2SLdw04U1jTSbF/7LOgkuDg6k33xUosCYIR2I1WvoHV8dD8AcOAy', NULL, '2025-04-12 07:04:15', '2025-04-12 07:04:15', NULL, '5fe563e1-2b1d-4faf-aa56-26c83801aa42', 'Perawat Perkesmas', 'PNS', '081298308884'),
('9ea88789-5e07-4aee-b8d7-86cc5842917d', 'Yulia P', 'perawat', 'yuliaprastika818@gmail.com', NULL, '$2y$12$ZnDoFM5UxKBaBENYmMWJWefHS0RoNNcSk.BnhXy/rk4axFw0loLqG', NULL, '2025-04-12 07:04:16', '2025-04-12 07:04:16', NULL, '727ca118-30ab-4183-8d42-01713fb21b60', 'Perawat Perkesmas', 'NON ASN', '085692558137'),
('9ea88789-c649-4c56-9069-7187e5de9063', 'Rusmini', 'perawat', 'miniarinda90@gmail.com', NULL, '$2y$12$aN9wq8kOZeprpr./iKpiKO0M4ISZpBnaBPoYsJmdLb5Rg.fBKq1Ka', NULL, '2025-04-12 07:04:16', '2025-04-12 07:04:16', NULL, '662b78c6-28b2-49e1-a2dd-f8d83fcaf08f', 'Perawat Perkesmas', 'NON ASN', '085281642809'),
('9ea8878a-3159-44e3-9de1-5b4a85c11234', 'Robby Yando', 'perawat', 'robbybuchori@gmail.com', NULL, '$2y$12$P.MwtUAwa/KpTBWTpNYovuXKqM5Vpy75Ye7hXxc9esQKlWqHSBogK', NULL, '2025-04-12 07:04:16', '2025-04-12 07:04:16', NULL, '2805448f-308a-4351-8beb-7d52785c0837', 'Perawat Perkesmas', 'NON ASN', '081510076591'),
('9ea8878a-9b3b-4dcd-b3f3-c7590ba37416', 'Nining ', 'perawat', 'pkl.jelambarbaru@gmail.com', NULL, '$2y$12$e18qcUB3sjVPKdFJ6DmW/e0wHH4t8g6I0ZbbVdJZ5W2cyC9VBLMfu', NULL, '2025-04-12 07:04:17', '2025-04-12 07:04:17', NULL, '3a382a09-efcb-44fa-be0f-ee0dbfc80380', 'Perawat Perkesmas', 'PNS', '08998110414'),
('9ea8878b-035b-4571-a415-79c9d9f7684d', 'Riyan Amelia', 'perawat', 'ryan.ameilia89@gmail.com', NULL, '$2y$12$qWSCXVrjkQWA1E2jI4vhdOhHLvrnRgA/AiLjbsSxCmSPsjIBKMUGq', NULL, '2025-04-12 07:04:17', '2025-04-12 07:04:17', NULL, '0e587fb5-3299-4e44-9003-7832c539f934', 'Perawat Perkesmas', 'NON ASN', '082260550018'),
('9ea8878b-6cb3-43c9-ba67-6ad35607e4be', 'Safredi', 'perawat', 'pkltdu@gmail.com', NULL, '$2y$12$C4hCHISEu8FvSpV9GLylF.B36Gw9oBHjbXFksuLXX4DkvSJ6p5OOa', NULL, '2025-04-12 07:04:17', '2025-04-12 07:04:17', NULL, 'f55df324-c6b5-4066-a93c-c6391669dae3', 'Perawat Perkesmas', 'PNS', '082113103266'),
('9ea8878b-d66e-4edb-aceb-42a15ddc2a35', 'Fernauli', 'perawat', 'pkl.tomang@gmail.com', NULL, '$2y$12$hPhhbxteeJFhmFx27yQkC.ZQJ27oy8omDnHb0Pcn0Z0hBfb72/FEm', NULL, '2025-04-12 07:04:17', '2025-04-12 07:04:17', NULL, 'c55a36ad-42d9-4e6e-89b3-4c3b8a3c8b77', 'Perawat Perkesmas', 'PNS', '089639077990'),
('9ea8878c-3fe5-4849-8032-6a497fc93c86', 'Minda Yunika Adelwis Simarmata', 'perawat', 'perkesmas2021@gmail.com', NULL, '$2y$12$I2/zxvDWjcX9Zkw2CH1NBufAr8sVTWiduwcQSu5If/q/DXKdAAzSG', NULL, '2025-04-12 07:04:18', '2025-04-12 07:04:18', NULL, '3a382a09-efcb-44fa-be0f-ee0dbfc80380', 'Perawat Koordinator Perkesmas dari Puskesmas Kecamatan', 'NON ASN', '087778501770'),
('9ea8878c-a9b3-4109-9dfa-8c1cdb283e03', 'Paula Yunita', 'perawat', 'paulayunita7@gmail.com', NULL, '$2y$12$85ycOV64Qzo5lzI2O.Q5peohhzybcUfok4Ka3Uq4KMZRxTsyNoI0a', NULL, '2025-04-12 07:04:18', '2025-04-12 07:04:18', NULL, 'c36763c4-e327-40b1-a213-3038509b54f4', NULL, 'NON ASN', '082246865040'),
('9ea8878d-11b4-45b7-91b1-a5230dc90e3b', 'Budi Yono', 'perawat', 'Afiza_umardi@yahoo.com', NULL, '$2y$12$8fqEC2QRxrgAJ9tzMTZTbeW7Wub4P7WaS8ehWEoJUPu56NZ/7Js1S', NULL, '2025-04-12 07:04:18', '2025-04-12 07:04:18', NULL, 'f75f1b44-7165-4611-9a98-20ec643ef055', NULL, 'PNS', '08176509329'),
('9ea8878d-7aad-4f1b-a1d4-ebf28ece2e2f', 'Dariyah', 'perawat', 'pkmkamal2@gmail.com', NULL, '$2y$12$B5dNP6zxXkHi6b.64fk/NuuZ37q6kMMr0ANC1TA3HkKYRBDE74MmS', NULL, '2025-04-12 07:04:18', '2025-04-12 07:04:18', NULL, 'b748e30c-d3e8-4ac8-832d-4a4d2ec87656', NULL, 'NON ASN', '081291101991'),
('9ea8878d-e495-4ea0-887a-36bc4f41a584', 'Erika Rahmania', 'perawat', 'pegadungan1.puskesmas@gmail.com', NULL, '$2y$12$UlKJQ7giEy7M.1eEJwMQLeuN.mW73d4sH1OYdn7B2OV9oNv37TC4a', NULL, '2025-04-12 07:04:19', '2025-04-12 07:04:19', NULL, '8eb0b958-6577-4896-81ea-1e89f1d58f4c', NULL, 'NON ASN', '082210364562'),
('9ea8878e-4da0-4183-992d-74085541a1a4', 'Friska M', 'perawat', 'puskesmaskel.pegadungan2@gmail.com', NULL, '$2y$12$EVOW3QrXrduo8rV10L.KTONvTR7p25ZUKGbRILUtx/EYkO//2ciJq', NULL, '2025-04-12 07:04:19', '2025-04-12 07:04:19', NULL, 'fa2f5b99-0bbd-42f8-9a06-4d54065f13ab', NULL, 'NON ASN', '081289978786'),
('9ea8878e-b848-4ac4-8e3f-201a40b8a8ae', 'Amanda', 'perawat', 'amandajuliaoktavaria@gmail.com', NULL, '$2y$12$R5zthg21jJ0GhEEUWQ2Kler0gk9Eu2LLG7zyYcXJtsLNZ6TK6fOiS', NULL, '2025-04-12 07:04:19', '2025-04-12 07:04:19', NULL, 'eff00efc-4981-4f58-9cc2-a11eb2a80bf0', NULL, 'NON ASN', '8998491179'),
('9ea8878f-2055-456c-9c0b-c237c5a0ef9a', 'Nurnovita', 'perawat', 'nurnovita14@gmail.com', NULL, '$2y$12$8vW5nbGd7Lxr5d5rYiMKXeXAqWM2VuMjgrzgx2KXdh40dwFoH363u', NULL, '2025-04-12 07:04:19', '2025-04-12 07:04:19', NULL, '71f63bdc-5bb0-430e-962e-c474c6f6b01a', NULL, 'NON ASN', '0895333138445'),
('9ea8878f-8a97-44d9-a6b2-d0525e4d28e5', 'Jamaludin', 'perawat', 'jamal.yessi@gmail.com', NULL, '$2y$12$Z4DkbpGAqfJWKArjmFH2puqveA0iLB0qgU8Gw4JDMxWY2shmi46xW', NULL, '2025-04-12 07:04:20', '2025-04-12 07:04:20', NULL, '71ea979c-b676-41cf-9c05-9996d835516c', NULL, 'NON ASN', '087787030338'),
('9ea8878f-f556-4628-8121-42b9bec01612', 'Wahyudhi', 'perawat', 'pkmsemanan2@gmail.com', NULL, '$2y$12$2Cpx/WsmttzzQsBKNB9OUOzywFALXkUkLQ4aIDjrb9x5IwTk0OITS', NULL, '2025-04-12 07:04:20', '2025-04-12 07:04:20', NULL, '64a1b727-607d-4311-969e-b95275d96205', NULL, 'PNS', '081315766757'),
('9ea88790-5715-431c-85f4-e7cbac442f82', 'Eni Murtiningsih', 'perawat', 'pkltegalalur01@gmail.com', NULL, '$2y$12$Wkt.Eatf0eQ58/Xv8Li9peNRi9BU8sXV0xQsBlXRL.eG.P2Nv/V9u', NULL, '2025-04-12 07:04:20', '2025-04-12 07:04:20', NULL, '912f7ff0-f813-4a41-ba4b-5a9be715c050', NULL, 'NON ASN', '081314986464'),
('9ea88790-c2ef-4f2e-89e4-0179382bc82e', 'Nia Alfiani', 'perawat', 'niaalfiani003@gmail.com', NULL, '$2y$12$7yEvkP7FfZMI5yR0/Kg3JuJN8zEBBny83jQ4U4vtataFQ0YhYC.gS', NULL, '2025-04-12 07:04:21', '2025-04-12 07:04:21', NULL, '97340c20-215d-4cdb-9380-fcc744a60769', NULL, 'NON ASN', '087786516925'),
('9ea88791-2c4f-40d9-81d1-45601e143cf4', 'Bakhtiar ', 'perawat', 'bakhtiarwirawan@gmail.com', NULL, '$2y$12$EnqejfYMsZV3ZQJn9XZl2eMe2Pf0Drc.McCek7Ch.l/Ydilvhq99K', NULL, '2025-04-12 07:04:21', '2025-04-12 07:04:21', NULL, '36918648-635d-43e3-9810-8de9a237439b', NULL, 'NON ASN', '081213484581'),
('9ea88791-94c0-4197-a81e-7ac4bb50d5ec', 'siti hairunnisa', 'perawat', 'sitihairunnisa24@gmail.com', NULL, '$2y$12$juY6/daFotBjl8O04WTZQOQ0aNUnd6egK4XB6ylf/yajEs5pW..JK', NULL, '2025-04-12 07:04:21', '2025-04-12 07:04:21', NULL, '90ab868b-eabe-4109-b3b9-a173dfe377d1', NULL, 'NON ASN ', '081295756088'),
('9ea88791-fd2e-469c-8c7a-3b02264f50e7', 'Eva Syanti', 'perawat', 'devazaro@gmail.com', NULL, '$2y$12$RcHKNJGzRYybXdqsPB/cgueRaF94ZAuC9VIUocpzAX.nO7nWwSZ.C', NULL, '2025-04-12 07:04:21', '2025-04-12 07:04:21', NULL, '9558cda7-36a8-4c67-834c-0ed710708a66', NULL, 'NON ASN', '089525036096'),
('9ea88792-64ff-44ec-8e9b-1d8484c9c6cc', 'Agis Ikbal Pamungkas', 'perawat', 'pamungkas.leo91@gmail.com', NULL, '$2y$12$sinWmLdDyvGVr/FRavXVwupfVXLq5GiyXnMUBN0jmX7kTL0A3QsQW', NULL, '2025-04-12 07:04:22', '2025-04-12 07:04:22', NULL, 'a8a0c292-c5e1-4f51-b9f8-3c814fb1ef1f', NULL, 'NON ASN', '085946416975'),
('9ea88792-cd88-4c8b-a619-11bad9105b4a', 'Permana Sari Titisan Heriwati', 'perawat', 'saripermana99@gmail.com', NULL, '$2y$12$7HGAiwPIbb9KWEWYZsng7.kgC9vbQD30IQesdR1ikQadQmEgy29mS', NULL, '2025-04-12 07:04:22', '2025-04-12 07:04:22', NULL, '7a703274-5e65-44e7-812c-34eacf4229d6', 'Perawat Perkesmas', 'NON ASN', '085710873001'),
('9ea88793-3499-4b37-b5af-1b94e36e9919', 'Hilma Damayanti', 'perawat', 'Hilmayanti88@gmail.com', NULL, '$2y$12$qb3qIdp67QMNZk07HHP6VOYO8o3VPcKF9tCPkRQnb5/zB/Yv5K3UC', NULL, '2025-04-12 07:04:22', '2025-04-12 07:04:22', NULL, '5519abe6-787c-4410-bcb7-ac5bd88423ca', 'Perawat perkesmas', 'NON ASN', '81284013261'),
('9ea88793-9d47-4dd6-8f00-703aa26e9e72', 'Yusmardiansyah', 'perawat', 'Siti.fatimah212@gmail.com', NULL, '$2y$12$fV9PhKHHKYV1W5d4ptulHecGwXw1tfmcN3NWInO9nWl8fuU/7UCm6', NULL, '2025-04-12 07:04:22', '2025-04-12 07:04:22', NULL, '9e4c14b5-3277-4210-b217-e716522d5f3a', NULL, 'PNS', '085219921268'),
('9ea88794-06de-4f19-83bb-419778b1e7b7', 'Thice Artha Fheto', 'perawat', 'arzhato@gmail.com', NULL, '$2y$12$caEWImTYfxMWaov39iP8feD.Qmx6mLd6ylVT4mKKwnOsQwJLawbHe', NULL, '2025-04-12 07:04:23', '2025-04-12 07:04:23', NULL, 'e9a89379-bc0b-4856-a142-a3d67b9dcdca', NULL, 'NON ASN', '81388947600'),
('9ea88794-72cc-47a0-a040-37e953fd48c2', 'Lisdawati Marbun', 'perawat', 'lisdamagede@gmail.com', NULL, '$2y$12$cSspPIDv709g4THcthfmlOY6e/eWylF01TtJYoYeOSfsJBEcR1o1S', NULL, '2025-04-12 07:04:23', '2025-04-12 07:04:23', NULL, '8a560b5f-6728-4060-8001-f2dee02934a7', NULL, 'PNS', '087877295921'),
('9ea88794-dc54-4189-90d0-fdd557063de4', 'Saptiana Oktavianik', 'perawat', 'saptianaokta@gmail.com', NULL, '$2y$12$Il.F7p73ZdAwT4Ax241lGOXiAYvjh51kc7UYQPr7iwNVAARypTtIy', NULL, '2025-04-12 07:04:23', '2025-04-12 07:04:23', NULL, '97e3c226-500c-4fa3-a33a-8a21994419b0', NULL, 'NON ASN', '082112170808'),
('9ea88795-4ca3-460f-ad25-2770618e1580', 'Ratna Sari', 'perawat', 'ukskembanganutara@gmail.com', NULL, '$2y$12$nytHGluPRwSlZzvAUsRGeebfimsagwxmpXn8a3jRLbN2T5O8baz06', NULL, '2025-04-12 07:04:24', '2025-04-12 07:04:24', NULL, '8600ea01-f0a2-46bc-a9c6-c246d6a0b870', NULL, 'PPPK', '8989479902'),
('9ea88795-b7f9-4f01-8b11-0f56a03595bf', 'Qonita Pratiwi', 'perawat', 'pklmeruyaselatan1@gmail.com', NULL, '$2y$12$0DuePX1HB7sjO77isoPwje8E9CQxJxIWNwxAfzQMjuBrV5lw9zEp6', NULL, '2025-04-12 07:04:24', '2025-04-12 07:04:24', NULL, 'b49cd26a-6c1b-4b30-877f-db8a43e1febb', NULL, 'PNS', '082135580659'),
('9ea88796-2197-4a08-aad3-70587e33e1a1', 'Ellis Silalahi', 'perawat', 'ellis.silalahi@gmail.com', NULL, '$2y$12$uENbIcsPL7TteQ7ev6MMr.LVwFotkGKJjae1k0qI6rHQFL9t5sw7i', NULL, '2025-04-12 07:04:24', '2025-04-12 07:04:24', NULL, '35371c61-348b-4a90-a1be-aeea4cb35d2c', NULL, 'PNS', '085216744642'),
('9ea88796-8430-441d-b8fe-de8bde7b906b', 'Lamtarida Silaban', 'perawat', 'lamtaridasilaban@gmail.com', NULL, '$2y$12$bsU4.QOMCh4kfT.55ykCcOgtoY94XXSFWc1wDAxbDXeZhjvQF1P9i', NULL, '2025-04-12 07:04:24', '2025-04-12 07:04:24', NULL, 'cbfe93b7-3371-4ddb-a385-afcc111321cc', NULL, 'PNS', '81310931860'),
('9ea88796-ee31-4ce8-8d06-f9826346aecb', 'Dadang Sumirat', 'perawat', 'dadangsumirat.amk@gmail.com', NULL, '$2y$12$ZbxAAp7EdfDqXU.o6nh7tuXomrRSLMALSH5sNa3q6VPM1qfj4JoWS', NULL, '2025-04-12 07:04:25', '2025-04-12 07:04:25', NULL, 'ca2a7c15-420f-430f-8326-47212c28387b', NULL, 'NON ASN', '81295957340'),
('9ea88797-5b40-4b29-aad5-08cb7eb27a37', 'Kadek Dwi Mellyana Sari ', 'perawat', 'kadekdwimellyanasari@gmail.com', NULL, '$2y$12$y1L9sl569wVJgIPyoOy6XOoW2l3agFGkpc88B/0TAcDu861qIrb0G', NULL, '2025-04-12 07:04:25', '2025-04-12 07:04:25', NULL, 'd2057f0c-57c5-492e-b4ed-378120306513', 'perawat perkesmas ', 'NON ASN', '81288333041'),
('9ea88797-d291-4da5-8756-4243c0e9d41c', 'Umi Istiqomah', 'perawat', 'queenexis@gmail.com', NULL, '$2y$12$jn6enA5mpjclNyjWLTfTvOl.y6w5/ov1N6o0MVx0GkExkDPxVrLbu', NULL, '2025-04-12 07:04:25', '2025-04-12 07:04:25', NULL, '9fc439bf-c8e0-46f7-9e92-1a0ca73ca517', 'Perawat Perkesmas', 'NON ASN', '89623400360'),
('9ea88798-3adb-4aba-becc-cb452dd688dc', 'Hikmah Juliani sari', 'perawat', 'hieryzafran@gmail.com ', NULL, '$2y$12$4gwcIU3iH8jeQKh.pH8Txee0ZmD3FSRNUKKQOHsoPAVX6qBCzoQxG', NULL, '2025-04-12 07:04:25', '2025-04-12 07:04:25', NULL, 'c5057717-a690-4200-b546-be008068fb5a', 'perawat perkesmas', 'NON ASN', '8978648674'),
('9ea88798-a430-4866-81ac-4da39cb7e58d', 'Nini Andriani', 'perawat', 'andrianin001@gmail.com', NULL, '$2y$12$jr5qP6EP2vCh9XAVdFelku.6gfYnniPvOhvBPmQmo1csPS1D4JxjG', NULL, '2025-04-12 07:04:26', '2025-04-12 07:04:26', NULL, '36f9fd74-bbeb-4a94-8e5e-2e9bae47af21', 'perawat perkesmas', 'NON ASN', '85282897156'),
('9ea88799-0e26-4f2d-a5da-49263c13863e', 'Refina Veruca Adhania', 'perawat', 'refinaadha854@gmail.com', NULL, '$2y$12$e66xkUiLRokHZSUpe8YJFupv3hvoArR8D1T1CorANXEY.lWcglmWO', NULL, '2025-04-12 07:04:26', '2025-04-12 07:04:26', NULL, '7b66f22c-fd5c-4067-b552-d5b39ed2ff2c', 'Perawat perkesmas', 'NON ASN', '85921724313'),
('9ea88799-76fc-43d2-905d-88bd294ce68d', 'Aprina Nelly Rabihatun', 'perawat', 'nellyaprina4@gmail.com', NULL, '$2y$12$BYGFD4mJ.2YkpyBHTP9oMufhELafxr6l/rRrHKVLjaPw9Wh38RhjG', NULL, '2025-04-12 07:04:26', '2025-04-12 07:04:26', NULL, '86289ad7-b045-4613-90e0-ad1583c9c34e', 'Perawat Perkesmas', 'NON ASN', '81519304730'),
('9ea88799-e009-4848-8853-0b6f68644688', 'Kartini', 'perawat', 'samarindatangerang74@gmail.com', NULL, '$2y$12$Vfxw.8VKY.qL68pZ.yTYCOHfWwWgiWqX7TwDcEag9UjzD9xdbLrp.', NULL, '2025-04-12 07:04:27', '2025-04-12 07:04:27', NULL, '8b297c69-4ab2-4698-b06a-337feaa30fd2', 'Perawat Perkesmas', 'NON ASN', '85882312726'),
('9ea8879a-4a03-41ad-8d32-b59cf4073fde', 'Leny Febiyanti ', 'perawat', 'ashlee.leny@gmail.com', NULL, '$2y$12$tNts7EZWLNsqlUkLlx3S6uI4rcbn2cz55eHmCLMezEWXrIG2d63WG', NULL, '2025-04-12 07:04:27', '2025-04-12 07:04:27', NULL, '7ceb4781-bf7f-4971-875f-2a3cc2a076eb', 'Perawat Perkesmas', 'NON ASN', '83808707407'),
('9ea8879a-b74c-4ae5-be35-1e5a34745788', 'Yuli Astuti', 'perawat', 'yuliastuti.palmer@gmail.com', NULL, '$2y$12$Taa73tZNB7dqgfybwJvJKugIwpeTu5jT8RmDwX1udKHcwD8S6YJl.', NULL, '2025-04-12 07:04:27', '2025-04-12 07:04:27', NULL, 'e60d4ea9-f35d-49f1-a16d-61046f09c7d4', 'Perawat Perkesmas ', 'PNS', '87772281872'),
('9ea8879b-2370-44d1-a796-89c384946447', 'dwi ermawati', 'perawat', ' wiek.charmant@gmail.com', NULL, '$2y$12$pHSZB3By/f1WaflN1wMSQ.en6D6OTue3QYiNej5sZ.qBzDcTPEJ9O', NULL, '2025-04-12 07:04:27', '2025-04-12 07:04:27', NULL, 'cefe38a4-7b8f-4f57-a51c-a956dd47dfd6', 'Perawat Perkesmas & KPLDH', 'PNS', '87734528018'),
('9ea8879b-8c72-4288-8f3b-d4cd722d8d08', 'nova driana', 'perawat', ' sheillakanya23@gmail.com', NULL, '$2y$12$v1NOuC3/ZVbh0EdflQsQDec8DGCxgNn1EVuz2GnzuCrUv8K0E1ray', NULL, '2025-04-12 07:04:28', '2025-04-12 07:04:28', NULL, 'cefe38a4-7b8f-4f57-a51c-a956dd47dfd6', 'Perawat Perkesmas & KPLDH', 'NON ASN', '83132475397'),
('9ea8879b-ff04-40dd-a97b-97f4dc2b849f', 'novi andrian jaya', 'perawat', ' andrian.jaya12@gmail.com', NULL, '$2y$12$KzMChMXy/vzpCHA/qKJ5oO1MxnEYO55Xg4d24MSHe0eGbYfCB67bW', NULL, '2025-04-12 07:04:28', '2025-04-12 07:04:28', NULL, 'f310307f-ef47-4596-848e-5855f0b224ca', 'Perawat Perkesmas & KPLDH', 'NON ASN', '82226852201'),
('9ea8879c-68e6-477b-95b1-22cf14fd0145', 'panca dewi utami', 'perawat', ' mimichayangku@gmail.com', NULL, '$2y$12$TBkpl19jWkAwPKfug3dEK.9ujsPClm//Vm55BucrKaNuNskCAqQfa', NULL, '2025-04-12 07:04:28', '2025-04-12 07:04:28', NULL, '3dcfc701-6526-41e7-9e42-31fccf3c33c0', 'Perawat Perkesmas & KPLDH', 'NON ASN', '82111771458'),
('9ea8879c-d1c7-4b01-9348-0bd06feed0a4', 'tio eva froditus', 'perawat', 'evasibuea27@gmail.com', NULL, '$2y$12$cu/5CbXH/gUr8VX02ja3geK3OgMuJ.NysnKIBdzndkFazIVzjFpd.', NULL, '2025-04-12 07:04:28', '2025-04-12 07:04:28', NULL, '8476ace6-a9c1-4a44-af37-774dbdf6761c', 'Perawat Perkesmas & KPLDH', 'NON ASN', '81808321557'),
('9ea8879d-34e3-424c-9ebb-76ee6933c503', 'yuni marlinda', 'perawat', 'yunimarlinda22@gmail.com', NULL, '$2y$12$pRH.QcS6YA5J4Xgvf4XiE.YALplpSd8ICBjWZqu52gwM/RzhBdfd6', NULL, '2025-04-12 07:04:29', '2025-04-12 07:04:29', NULL, 'f310307f-ef47-4596-848e-5855f0b224ca', 'Perawat Perkesmas & KPLDH', 'PPPK', '81261164638'),
('9ea8879d-9eae-4bc7-acba-0362aea2866c', 'nurmala', 'perawat', 'Nurmala.aini96@gmail.com', NULL, '$2y$12$SPWGJs3hKmRC1e3G3jde0OtVFXiOFgTBqeQPhYq56He/55La.CSjW', NULL, '2025-04-12 07:04:29', '2025-04-12 07:04:29', NULL, 'f310307f-ef47-4596-848e-5855f0b224ca', 'Perawat Perkesmas & KPLDH', 'NON ASN', '82281833846'),
('9ea8879e-0a29-482b-9934-1be5b0fed701', 'Tri Wahyuni', 'perawat', 'yuni270989@gmail.com', NULL, '$2y$12$AM79AntPqPbcdAOBKc1m8OUBE21LMq1Ex00gw8c97LZTp192XgN4e', NULL, '2025-04-12 07:04:29', '2025-04-12 07:04:29', NULL, 'a5a7d6b1-dc9c-4eed-9392-8cab57649e27', 'Perawat Perkesmas', 'NON ASN', '081389921370'),
('9ea8879e-7402-4080-95d3-8d9f0f4afaa6', 'mariah', 'perawat', 'mariah.carita@gmail.com', NULL, '$2y$12$M2UE6cYCkqaXhEQtDyKqku8uAGZQDgSdDseFWnwVpdYcia6OGPS1S', NULL, '2025-04-12 07:04:30', '2025-04-12 07:04:30', NULL, '805c2bf9-9557-4e3b-b5ae-79072087714c', 'Perawat Perkesmas', 'NON ASN', '81383603860'),
('9ea8879e-dd61-422d-9ed0-8dd95fbe215d', 'Evi Kusumawati', 'perawat', 'kusumaevi.ekw@gmail.com', NULL, '$2y$12$.S0FODlQE6QmImV/b1EO4.mnjq7R6j1I/d1XVjACtlTl58vdc/9Gq', NULL, '2025-04-12 07:04:30', '2025-04-12 07:04:30', NULL, '805c2bf9-9557-4e3b-b5ae-79072087714c', 'Perawat Perkesmas', 'NON ASN', '089624312544'),
('9ea8879f-4715-426d-b580-b4caaf0ac3c1', 'Khalifatul Hikmah', 'perawat', 'dishafia2512@gmail.com', NULL, '$2y$12$M38V/6TcTCQFKqSJ58HgOOzzN6qKhuxA2cKGdcRYs/KqNC2uHwoFG', NULL, '2025-04-12 07:04:30', '2025-04-12 07:04:30', NULL, '82e47d92-5948-449a-af2f-c3c9809630db', 'Perawat Perkesmas', 'NON ASN', '87770488883'),
('9ea8879f-b0a4-42ec-a5be-2379dd726bbb', 'Suci Rahmadani', 'perawat', 'rahmadanisuci847@gmail', NULL, '$2y$12$x1rtaro6LH1p9VnhJBMfcewUj6M5cyseZcyK2kKPXop/w9UZamcIO', NULL, '2025-04-12 07:04:30', '2025-04-12 07:04:30', NULL, '7032f30b-4394-4881-bb79-5dc9ac1be368', 'Perawat Perkesmas', 'NON ASN', '8111020349'),
('9ea887a0-19fc-4f2e-8c6f-4871e2e36c7a', 'Rizska Setyawati', 'perawat', 'ikarizska@gmail.com', NULL, '$2y$12$IZXtbh4OTzzzEqkjPCLLqOrnwQN1hQ.bQwhkRHYGDZdStFoWnX.Ga', NULL, '2025-04-12 07:04:31', '2025-04-12 07:04:31', NULL, '94bdae6e-9dd1-438b-9cbf-840d42874c57', 'Perawat Perkesmas', 'NON ASN', '85710818309'),
('9ea887a0-8eba-4c0d-a9e3-cb65511174fd', 'Veranita Afriska', 'perawat', 'afriskaveranita@gmail.com', NULL, '$2y$12$.gzYy85Qm0D0WULraL1xdOZxN3Tobo7pyDDIPZWZ4Mv.WexGJpMEy', NULL, '2025-04-12 07:04:31', '2025-04-12 07:04:31', NULL, '7032f30b-4394-4881-bb79-5dc9ac1be368', 'Perawat Perkesmas', 'NON ASN', '082124570059'),
('9ea887a0-f81f-43df-97bf-6dd5d9649c1c', 'Ria widowati ', 'perawat', 'riawidowati3@gmail.com ', NULL, '$2y$12$W0fq7qDjqbEYVvSfSHbgV.PFwZtpza.kASj4PMJdIpVJQZ.hP9USq', NULL, '2025-04-12 07:04:31', '2025-04-12 07:04:31', NULL, 'dec5df95-85d8-4ef1-a1de-81f0aa8a63aa', 'Perawat Perkesmas', 'NON ASN', '895391387094'),
('9ea887a1-6350-4faf-ae0f-1b1c2a280388', 'Sutriyati', 'perawat', 'pkm.pekojan02@gmail.com', NULL, '$2y$12$/PWATJAcqG60Tpr/.zsk9u9e2knDiov2d8Ugd7TVu3fdX1NkAwjMy', NULL, '2025-04-12 07:04:31', '2025-04-12 07:04:31', NULL, '32770527-fd12-4564-8de2-b6417a2e75c2', 'Perawat Perkesmas', 'NON ASN', '87775154244'),
('9ea887a1-ccad-44c0-84b2-218a312c5084', 'Rita Melfawati', 'perawat', 'melfawatirita@gmail.com', NULL, '$2y$12$gWFS4aWCHuhtuqTh6LKhhO7A9x2uIp.JLzQ1suiT7CH/5oQlmy90u', NULL, '2025-04-12 07:04:32', '2025-04-12 07:04:32', NULL, 'ade26034-d037-4015-9cf5-37358635240b', 'Perawat Perkesmas', 'PNS', '81294236251'),
('9ea887a2-3595-4475-837b-4504a576b0e6', 'Yunita Widya Ningrum', 'perawat', 'yningrum693@yahoo.com', NULL, '$2y$12$YSqHum32A4P.N0yUBNZLcesZayCFfBLhFrH1cq7wRYE1JE23H8fvi', NULL, '2025-04-12 07:04:32', '2025-04-12 07:04:32', NULL, '169746aa-f601-4ea3-894f-0a513cdff182', 'Perawat Perkesmas & KPLDH', 'NON ASN', '081216635826'),
('9ea887a2-9fa0-45d0-aa9c-693875528698', 'Eka ning Siswati', 'perawat', 'puskesmas.tanahsereal18@gmail.com', NULL, '$2y$12$rV5pOB7S94XdU5Egn383huTxhNmz24OTCMxCnOTSv1sZMwdiEJx/S', NULL, '2025-04-12 07:04:32', '2025-04-12 07:04:32', NULL, '74eedc97-1208-4c09-a546-ef46f6d6b1ce', 'Perawat Perkesmas', 'NON ASN', '087856065360'),
('9ea97811-d773-481d-b3b2-23d7c2b230c1', 'contoh nama user', 'perawat', 'testuser@gmail.com', NULL, '$2y$12$EJ1pGluQamC2xaba0Q9kyu4GNNI8mfQWIR7cD6ZBfKBd5A8mUIX6C', NULL, '2025-04-12 18:16:50', '2025-04-12 18:16:50', NULL, '0', 'keterngan', 'PNS', '0823232323'),
('9ea97860-8bbf-4c53-bf2d-1ca0db12b893', 'contoh nama user', 'perawat', 'testuser1@gmail.com', NULL, '$2y$12$aLizDBq6TufQmd6JOrUv9ueSUZJfURs55yt3CZEVDTvQbw2dq6N/G', NULL, '2025-04-12 18:17:42', '2025-04-12 18:17:42', NULL, '0', 'keterngan', 'PNS', '0823232323'),
('9ea97a53-d263-42af-8dfa-1c78e5ab4442', 'desi', 'perawat', 'desi123@gmail.com', NULL, '$2y$12$5ZT1j7UNRDj7/zW.pu20ieZ6u.O6..9hdKkKBq1k6QT27V8PjKl.e', NULL, '2025-04-12 18:23:09', '2025-04-12 18:23:09', NULL, '00c0b9f6-ba6e-419c-b337-cecaceab0208', 'pns', 'PNS', '1234');

-- --------------------------------------------------------

--
-- Table structure for table `visitings`
--

CREATE TABLE `visitings` (
   `id` char(36) NOT NULL PRIMARY KEY,
  `pasien_id` char(36) NOT NULL,
  `user_id` char(36) NOT NULL,
  `tanggal` date NOT NULL,
  `status` enum('Kunjungan Awal','Kunjungan Lanjutan') NOT NULL DEFAULT 'Kunjungan Awal',
  `berat_badan` decimal(5,2) DEFAULT NULL,
  `tinggi_badan` decimal(5,2) DEFAULT NULL,
  `imt` decimal(5,2) DEFAULT NULL,
  `created_at` timestamp NULL DEFAULT NULL,
  `updated_at` timestamp NULL DEFAULT NULL,
  `selesai` tinyint(1) NOT NULL DEFAULT 0
) ENGINE=InnoDB DEFAULT CHARSET=utf8mb4 COLLATE=utf8mb4_unicode_ci;

--
-- Dumping data for table `visitings`
--

INSERT INTO `visitings` (`id`, `pasien_id`, `user_id`, `tanggal`, `status`, `berat_badan`, `tinggi_badan`, `imt`, `created_at`, `updated_at`, `selesai`) VALUES
('9ea9828e-8de3-4a76-abef-1d0d7cfe8aa5', '9ea98149-b393-4e29-a4d2-6742b364c88c', '81db2573-0c0f-41b3-b034-e3ab3eca9da4', '2025-04-13', 'Kunjungan Awal', NULL, NULL, NULL, '2025-04-12 18:46:10', '2025-04-12 18:46:10', 0),
('9ea989e7-14c7-49c4-910c-ec01df257605', '9ea98149-b393-4e29-a4d2-6742b364c88c', '81db2573-0c0f-41b3-b034-e3ab3eca9da4', '2025-04-14', 'Kunjungan Lanjutan', NULL, NULL, NULL, '2025-04-12 19:06:42', '2025-04-12 19:06:42', 0);

--
-- Indexes for dumped tables
--

--
-- Indexes for table `pasiens`
--
ALTER TABLE `pasiens`
  ADD PRIMARY KEY (`id`),
  ADD UNIQUE KEY `pasiens_nik_unique` (`nik`),
  ADD KEY `pasiens_id_index` (`id`),
  ADD KEY `pasiens_pustu_id_index` (`pustu_id`);

--
-- Indexes for table `pustus`
--
ALTER TABLE `pustus`
  ADD PRIMARY KEY (`id`);

--
-- Indexes for table `users`
--
ALTER TABLE `users`
  ADD PRIMARY KEY (`id`),
  ADD UNIQUE KEY `users_email_unique` (`email`),
  ADD KEY `users_id_index` (`id`);

--
-- Indexes for table `visitings`
--
ALTER TABLE `visitings`
  ADD PRIMARY KEY (`id`),
  ADD KEY `visitings_id_index` (`id`),
  ADD KEY `visitings_pasien_id_index` (`pasien_id`),
  ADD KEY `visitings_user_id_index` (`user_id`);

--
-- Constraints for dumped tables
--

--
-- Constraints for table `visitings`
--
ALTER TABLE `visitings`
  ADD CONSTRAINT `visitings_pasien_id_foreign` FOREIGN KEY (`pasien_id`) REFERENCES `pasiens` (`id`) ON DELETE CASCADE,
  ADD CONSTRAINT `visitings_user_id_foreign` FOREIGN KEY (`user_id`) REFERENCES `users` (`id`) ON DELETE CASCADE;
COMMIT;

/*!40101 SET CHARACTER_SET_CLIENT=@OLD_CHARACTER_SET_CLIENT */;
/*!40101 SET CHARACTER_SET_RESULTS=@OLD_CHARACTER_SET_RESULTS */;
/*!40101 SET COLLATION_CONNECTION=@OLD_COLLATION_CONNECTION */;
